"9000000","沖縄県","那覇市","以下に掲載がない場合","OKINAWA KEN","NAHA SHI","IKANIKEISAIGANAIBAAI"
"9010154","沖縄県","那覇市","赤嶺","OKINAWA KEN","NAHA SHI","AKAMINE"
"9000002","沖縄県","那覇市","曙","OKINAWA KEN","NAHA SHI","AKEBONO"
"9020067","沖縄県","那覇市","安里","OKINAWA KEN","NAHA SHI","ASATO"
"9000029","沖縄県","那覇市","旭町","OKINAWA KEN","NAHA SHI","ASAHIMACHI"
"9010143","沖縄県","那覇市","安次嶺","OKINAWA KEN","NAHA SHI","ASHIMINE"
"9000003","沖縄県","那覇市","安謝","OKINAWA KEN","NAHA SHI","AJA"
"9000005","沖縄県","那覇市","天久","OKINAWA KEN","NAHA SHI","AMEKU"
"9000021","沖縄県","那覇市","泉崎","OKINAWA KEN","NAHA SHI","IZUMIZAKI"
"9000011","沖縄県","那覇市","上之屋","OKINAWA KEN","NAHA SHI","UENOYA"
"9010153","沖縄県","那覇市","宇栄原","OKINAWA KEN","NAHA SHI","UEBARU"
"9020073","沖縄県","那覇市","上間","OKINAWA KEN","NAHA SHI","UEMA"
"9000026","沖縄県","那覇市","奥武山町","OKINAWA KEN","NAHA SHI","ONOYAMACHO"
"9010148","沖縄県","那覇市","大嶺","OKINAWA KEN","NAHA SHI","OMINE"
"9000006","沖縄県","那覇市","おもろまち","OKINAWA KEN","NAHA SHI","OMOROMACHI"
"9010152","沖縄県","那覇市","小禄","OKINAWA KEN","NAHA SHI","OROKU"
"9010142","沖縄県","那覇市","鏡水","OKINAWA KEN","NAHA SHI","KAGAMIZU"
"9000028","沖縄県","那覇市","垣花町","OKINAWA KEN","NAHA SHI","KAKINOHANACHO"
"9010155","沖縄県","那覇市","金城","OKINAWA KEN","NAHA SHI","KANAGUSUKU"
"9010151","沖縄県","那覇市","鏡原町","OKINAWA KEN","NAHA SHI","KYOHARACHO"
"9010146","沖縄県","那覇市","具志","OKINAWA KEN","NAHA SHI","GUSHI"
"9000033","沖縄県","那覇市","久米","OKINAWA KEN","NAHA SHI","KUME"
"9000015","沖縄県","那覇市","久茂地","OKINAWA KEN","NAHA SHI","KUMOJI"
"9020075","沖縄県","那覇市","国場","OKINAWA KEN","NAHA SHI","KOKUBA"
"9000024","沖縄県","那覇市","古波蔵","OKINAWA KEN","NAHA SHI","KOHAGURA"
"9020078","沖縄県","那覇市","識名","OKINAWA KEN","NAHA SHI","SHIKINA"
"9030813","沖縄県","那覇市","首里　赤田町","OKINAWA KEN","NAHA SHI","SHURI AKATACHO"
"9030811","沖縄県","那覇市","首里　赤平町","OKINAWA KEN","NAHA SHI","SHURI AKAHIRACHO"
"9030824","沖縄県","那覇市","首里　池端町","OKINAWA KEN","NAHA SHI","SHURI IKEHATACHO"
"9030804","沖縄県","那覇市","首里　石嶺町","OKINAWA KEN","NAHA SHI","SHURI ISHIMINECHO"
"9030823","沖縄県","那覇市","首里　大中町","OKINAWA KEN","NAHA SHI","SHURI ONAKACHO"
"9030802","沖縄県","那覇市","首里　大名町","OKINAWA KEN","NAHA SHI","SHURI ONACHO"
"9030815","沖縄県","那覇市","首里　金城町","OKINAWA KEN","NAHA SHI","SHURI KINJOCHO"
"9030821","沖縄県","那覇市","首里　儀保町","OKINAWA KEN","NAHA SHI","SHURI GIBOCHO"
"9030807","沖縄県","那覇市","首里　久場川町","OKINAWA KEN","NAHA SHI","SHURI KUBAGAWACHO"
"9030814","沖縄県","那覇市","首里　崎山町","OKINAWA KEN","NAHA SHI","SHURI SAKIYAMACHO"
"9030826","沖縄県","那覇市","首里　寒川町","OKINAWA KEN","NAHA SHI","SHURI SAMUKAWACHO"
"9030801","沖縄県","那覇市","首里　末吉町","OKINAWA KEN","NAHA SHI","SHURI SUEYOSHICHO"
"9030803","沖縄県","那覇市","首里　平良町","OKINAWA KEN","NAHA SHI","SHURI TAIRACHO"
"9030806","沖縄県","那覇市","首里　汀良町","OKINAWA KEN","NAHA SHI","SHURI TERACHO"
"9030812","沖縄県","那覇市","首里　当蔵町","OKINAWA KEN","NAHA SHI","SHURI TONOKURACHO"
"9030822","沖縄県","那覇市","首里　桃原町","OKINAWA KEN","NAHA SHI","SHURI TOBARUCHO"
"9030805","沖縄県","那覇市","首里　鳥堀町","OKINAWA KEN","NAHA SHI","SHURI TORIHORICHO"
"9030816","沖縄県","那覇市","首里　真和志町","OKINAWA KEN","NAHA SHI","SHURI MAWASHICHO"
"9030825","沖縄県","那覇市","首里　山川町","OKINAWA KEN","NAHA SHI","SHURI YAMAGAWACHO"
"9010141","沖縄県","那覇市","住吉町","OKINAWA KEN","NAHA SHI","SUMIYOSHICHO"
"9000023","沖縄県","那覇市","楚辺","OKINAWA KEN","NAHA SHI","SOBE"
"9020066","沖縄県","那覇市","大道","OKINAWA KEN","NAHA SHI","DAIDO"
"9010145","沖縄県","那覇市","高良","OKINAWA KEN","NAHA SHI","TAKARA"
"9010156","沖縄県","那覇市","田原","OKINAWA KEN","NAHA SHI","TABARU"
"9000037","沖縄県","那覇市","辻","OKINAWA KEN","NAHA SHI","TSUJI"
"9000025","沖縄県","那覇市","壺川","OKINAWA KEN","NAHA SHI","TSUBOGAWA"
"9020065","沖縄県","那覇市","壺屋","OKINAWA KEN","NAHA SHI","TSUBOYA"
"9010144","沖縄県","那覇市","当間","OKINAWA KEN","NAHA SHI","TOMA"
"9000012","沖縄県","那覇市","泊","OKINAWA KEN","NAHA SHI","TOMARI"
"9000035","沖縄県","那覇市","通堂町","OKINAWA KEN","NAHA SHI","TONDOCHO"
"9020074","沖縄県","那覇市","仲井真","OKINAWA KEN","NAHA SHI","NAKAIMA"
"9020077","沖縄県","那覇市","長田","OKINAWA KEN","NAHA SHI","NAGATA"
"9000036","沖縄県","那覇市","西","OKINAWA KEN","NAHA SHI","NISHI"
"9020071","沖縄県","那覇市","繁多川","OKINAWA KEN","NAHA SHI","HANTAGAWA"
"9000034","沖縄県","那覇市","東町","OKINAWA KEN","NAHA SHI","HIGASHIMACHI"
"9000022","沖縄県","那覇市","樋川","OKINAWA KEN","NAHA SHI","HIGAWA"
"9020061","沖縄県","那覇市","古島","OKINAWA KEN","NAHA SHI","FURUJIMA"
"9020072","沖縄県","那覇市","真地","OKINAWA KEN","NAHA SHI","MAAJI"
"9000016","沖縄県","那覇市","前島","OKINAWA KEN","NAHA SHI","MAEJIMA"
"9020068","沖縄県","那覇市","真嘉比","OKINAWA KEN","NAHA SHI","MAKABI"
"9000013","沖縄県","那覇市","牧志","OKINAWA KEN","NAHA SHI","MAKISHI"
"9000014","沖縄県","那覇市","松尾","OKINAWA KEN","NAHA SHI","MATSUO"
"9020062","沖縄県","那覇市","松川","OKINAWA KEN","NAHA SHI","MATSUGAWA"
"9020069","沖縄県","那覇市","松島","OKINAWA KEN","NAHA SHI","MATSUSHIMA"
"9000032","沖縄県","那覇市","松山","OKINAWA KEN","NAHA SHI","MATSUYAMA"
"9000001","沖縄県","那覇市","港町","OKINAWA KEN","NAHA SHI","MINATOMACHI"
"9020063","沖縄県","那覇市","三原","OKINAWA KEN","NAHA SHI","MIHARA"
"9010147","沖縄県","那覇市","宮城","OKINAWA KEN","NAHA SHI","MIYAGUSUKU"
"9000004","沖縄県","那覇市","銘苅","OKINAWA KEN","NAHA SHI","MEKARU"
"9000027","沖縄県","那覇市","山下町","OKINAWA KEN","NAHA SHI","YAMASHITACHO"
"9020076","沖縄県","那覇市","与儀","OKINAWA KEN","NAHA SHI","YOGI"
"9020064","沖縄県","那覇市","寄宮","OKINAWA KEN","NAHA SHI","YORIMIYA"
"9000031","沖縄県","那覇市","若狭","OKINAWA KEN","NAHA SHI","WAKASA"
"9012200","沖縄県","宜野湾市","以下に掲載がない場合","OKINAWA KEN","GINOWAN SHI","IKANIKEISAIGANAIBAAI"
"9012206","沖縄県","宜野湾市","愛知","OKINAWA KEN","GINOWAN SHI","AICHI"
"9012205","沖縄県","宜野湾市","赤道","OKINAWA KEN","GINOWAN SHI","AKAMICHI"
"9012201","沖縄県","宜野湾市","新城","OKINAWA KEN","GINOWAN SHI","ARAGUSUKU"
"9012221","沖縄県","宜野湾市","伊佐","OKINAWA KEN","GINOWAN SHI","ISA"
"9012204","沖縄県","宜野湾市","上原","OKINAWA KEN","GINOWAN SHI","UEHARA"
"9012227","沖縄県","宜野湾市","宇地泊","OKINAWA KEN","GINOWAN SHI","UCHIDOMARI"
"9012225","沖縄県","宜野湾市","大謝名","OKINAWA KEN","GINOWAN SHI","OJANA"
"9012223","沖縄県","宜野湾市","大山","OKINAWA KEN","GINOWAN SHI","OYAMA"
"9012226","沖縄県","宜野湾市","嘉数","OKINAWA KEN","GINOWAN SHI","KAKAZU"
"9012214","沖縄県","宜野湾市","我如古","OKINAWA KEN","GINOWAN SHI","GANEKO"
"9012207","沖縄県","宜野湾市","神山","OKINAWA KEN","GINOWAN SHI","KAMIYAMA"
"9012211","沖縄県","宜野湾市","宜野湾","OKINAWA KEN","GINOWAN SHI","GINOWAN"
"9012222","沖縄県","宜野湾市","喜友名","OKINAWA KEN","GINOWAN SHI","KIYUNA"
"9012216","沖縄県","宜野湾市","佐真下","OKINAWA KEN","GINOWAN SHI","SAMASHITA"
"9012213","沖縄県","宜野湾市","志真志","OKINAWA KEN","GINOWAN SHI","SHIMASHI"
"9012212","沖縄県","宜野湾市","長田","OKINAWA KEN","GINOWAN SHI","NAGATA"
"9012203","沖縄県","宜野湾市","野嵩","OKINAWA KEN","GINOWAN SHI","NODAKE"
"9012202","沖縄県","宜野湾市","普天間","OKINAWA KEN","GINOWAN SHI","FUTEMMA"
"9012215","沖縄県","宜野湾市","真栄原","OKINAWA KEN","GINOWAN SHI","MAEHARA"
"9012224","沖縄県","宜野湾市","真志喜","OKINAWA KEN","GINOWAN SHI","MASHIKI"
"9070000","沖縄県","石垣市","以下に掲載がない場合","OKINAWA KEN","ISHIGAKI SHI","IKANIKEISAIGANAIBAAI"
"9070024","沖縄県","石垣市","新川","OKINAWA KEN","ISHIGAKI SHI","ARAKAWA"
"9070023","沖縄県","石垣市","石垣","OKINAWA KEN","ISHIGAKI SHI","ISHIGAKI"
"9070332","沖縄県","石垣市","伊原間","OKINAWA KEN","ISHIGAKI SHI","IBARUMA"
"9070022","沖縄県","石垣市","大川","OKINAWA KEN","ISHIGAKI SHI","OKAWA"
"9070001","沖縄県","石垣市","大浜","OKINAWA KEN","ISHIGAKI SHI","OHAMA"
"9070453","沖縄県","石垣市","川平","OKINAWA KEN","ISHIGAKI SHI","KABIRA"
"9070452","沖縄県","石垣市","崎枝","OKINAWA KEN","ISHIGAKI SHI","SAKIEDA"
"9070242","沖縄県","石垣市","白保","OKINAWA KEN","ISHIGAKI SHI","SHIRAHO"
"9070014","沖縄県","石垣市","新栄町","OKINAWA KEN","ISHIGAKI SHI","SHINEICHO"
"9070241","沖縄県","石垣市","桃里","OKINAWA KEN","ISHIGAKI SHI","TOZATO"
"9070004","沖縄県","石垣市","登野城","OKINAWA KEN","ISHIGAKI SHI","TONOSHIRO"
"9070031","沖縄県","石垣市","登野城尖閣","OKINAWA KEN","ISHIGAKI SHI","TONOSHIROSENKAKU"
"9070021","沖縄県","石垣市","名蔵","OKINAWA KEN","ISHIGAKI SHI","NAGURA"
"9070333","沖縄県","石垣市","野底","OKINAWA KEN","ISHIGAKI SHI","NOSOKO"
"9070015","沖縄県","石垣市","南ぬ浜町","OKINAWA KEN","ISHIGAKI SHI","PAINUHAMACHO"
"9070013","沖縄県","石垣市","浜崎町","OKINAWA KEN","ISHIGAKI SHI","HAMASAKICHO"
"9070003","沖縄県","石垣市","平得","OKINAWA KEN","ISHIGAKI SHI","HIRAE"
"9070331","沖縄県","石垣市","平久保","OKINAWA KEN","ISHIGAKI SHI","HIRAKUBO"
"9070451","沖縄県","石垣市","桴海","OKINAWA KEN","ISHIGAKI SHI","FUKAI"
"9070002","沖縄県","石垣市","真栄里","OKINAWA KEN","ISHIGAKI SHI","MAEZATO"
"9070012","沖縄県","石垣市","美崎町","OKINAWA KEN","ISHIGAKI SHI","MISAKICHO"
"9070243","沖縄県","石垣市","宮良","OKINAWA KEN","ISHIGAKI SHI","MIYARA"
"9070244","沖縄県","石垣市","盛山","OKINAWA KEN","ISHIGAKI SHI","MORIYAMA"
"9070011","沖縄県","石垣市","八島町","OKINAWA KEN","ISHIGAKI SHI","YASHIMACHO"
"9012100","沖縄県","浦添市","以下に掲載がない場合","OKINAWA KEN","URASOE SHI","IKANIKEISAIGANAIBAAI"
"9012114","沖縄県","浦添市","安波茶","OKINAWA KEN","URASOE SHI","AHACHA"
"9012132","沖縄県","浦添市","伊祖","OKINAWA KEN","URASOE SHI","ISO"
"9012128","沖縄県","浦添市","伊奈武瀬","OKINAWA KEN","URASOE SHI","INANSE"
"9012123","沖縄県","浦添市","西洲","OKINAWA KEN","URASOE SHI","IRIJIMA"
"9012121","沖縄県","浦添市","内間","OKINAWA KEN","URASOE SHI","UCHIMA"
"9012113","沖縄県","浦添市","大平","OKINAWA KEN","URASOE SHI","OHIRA"
"9012111","沖縄県","浦添市","経塚","OKINAWA KEN","URASOE SHI","KYOZUKA"
"9012133","沖縄県","浦添市","城間","OKINAWA KEN","URASOE SHI","GUSUKUMA"
"9012124","沖縄県","浦添市","小湾","OKINAWA KEN","URASOE SHI","KOWAN"
"9012122","沖縄県","浦添市","勢理客","OKINAWA KEN","URASOE SHI","JITCHAKU"
"9012112","沖縄県","浦添市","沢岻","OKINAWA KEN","URASOE SHI","TAKUSHI"
"9012104","沖縄県","浦添市","当山","OKINAWA KEN","URASOE SHI","TOYAMA"
"9012103","沖縄県","浦添市","仲間","OKINAWA KEN","URASOE SHI","NAKAMA"
"9012125","沖縄県","浦添市","仲西","OKINAWA KEN","URASOE SHI","NAKANISHI"
"9012101","沖縄県","浦添市","西原","OKINAWA KEN","URASOE SHI","NISHIHARA"
"9012102","沖縄県","浦添市","前田","OKINAWA KEN","URASOE SHI","MAEDA"
"9012131","沖縄県","浦添市","牧港","OKINAWA KEN","URASOE SHI","MAKIMINATO"
"9012134","沖縄県","浦添市","港川","OKINAWA KEN","URASOE SHI","MINATOGAWA"
"9012126","沖縄県","浦添市","宮城","OKINAWA KEN","URASOE SHI","MIYAGI"
"9012127","沖縄県","浦添市","屋富祖","OKINAWA KEN","URASOE SHI","YAFUSO"
"9050000","沖縄県","名護市","以下に掲載がない場合","OKINAWA KEN","NAGO SHI","IKANIKEISAIGANAIBAAI"
"9050021","沖縄県","名護市","東江","OKINAWA KEN","NAGO SHI","AGARIE"
"9050003","沖縄県","名護市","旭川","OKINAWA KEN","NAGO SHI","ASAHIKAWA"
"9052263","沖縄県","名護市","安部","OKINAWA KEN","NAGO SHI","ABU"
"9050001","沖縄県","名護市","安和","OKINAWA KEN","NAGO SHI","AWA"
"9051152","沖縄県","名護市","伊差川","OKINAWA KEN","NAGO SHI","ISAGAWA"
"9051142","沖縄県","名護市","稲嶺","OKINAWA KEN","NAGO SHI","INAMINE"
"9050006","沖縄県","名護市","宇茂佐","OKINAWA KEN","NAGO SHI","UMUSA"
"9050009","沖縄県","名護市","宇茂佐の森","OKINAWA KEN","NAGO SHI","UMUSANOMORI"
"9051634","沖縄県","名護市","運天原","OKINAWA KEN","NAGO SHI","UNTEMBARU"
"9052267","沖縄県","名護市","大浦","OKINAWA KEN","NAGO SHI","OURA"
"9052268","沖縄県","名護市","大川","OKINAWA KEN","NAGO SHI","OKAWA"
"9050019","沖縄県","名護市","大北","OKINAWA KEN","NAGO SHI","OKITA"
"9050017","沖縄県","名護市","大中","OKINAWA KEN","NAGO SHI","ONAKA"
"9050018","沖縄県","名護市","大西","OKINAWA KEN","NAGO SHI","ONISHI"
"9050016","沖縄県","名護市","大東","OKINAWA KEN","NAGO SHI","OHIGASHI"
"9050015","沖縄県","名護市","大南","OKINAWA KEN","NAGO SHI","OMINAMI"
"9051146","沖縄県","名護市","親川","OKINAWA KEN","NAGO SHI","OYAKAWA"
"9050002","沖縄県","名護市","勝山","OKINAWA KEN","NAGO SHI","KATSUYAMA"
"9051633","沖縄県","名護市","我部","OKINAWA KEN","NAGO SHI","GABU"
"9051155","沖縄県","名護市","我部祖河","OKINAWA KEN","NAGO SHI","GABUSOKA"
"9052262","沖縄県","名護市","嘉陽","OKINAWA KEN","NAGO SHI","KAYO"
"9051145","沖縄県","名護市","川上","OKINAWA KEN","NAGO SHI","KAWAKAMI"
"9050026","沖縄県","名護市","喜瀬","OKINAWA KEN","NAGO SHI","KISE"
"9050024","沖縄県","名護市","許田","OKINAWA KEN","NAGO SHI","KYODA"
"9052173","沖縄県","名護市","久志","OKINAWA KEN","NAGO SHI","KUSHI"
"9050013","沖縄県","名護市","城","OKINAWA KEN","NAGO SHI","GUSUKU"
"9051141","沖縄県","名護市","源河","OKINAWA KEN","NAGO SHI","GENKA"
"9050025","沖縄県","名護市","幸喜","OKINAWA KEN","NAGO SHI","KOKI"
"9051154","沖縄県","名護市","呉我","OKINAWA KEN","NAGO SHI","GOGA"
"9051156","沖縄県","名護市","古我知","OKINAWA KEN","NAGO SHI","KOGACHI"
"9050023","沖縄県","名護市","数久田","OKINAWA KEN","NAGO SHI","SUKUTA"
"9051635","沖縄県","名護市","済井出","OKINAWA KEN","NAGO SHI","SUMUIDE"
"9052266","沖縄県","名護市","瀬嵩","OKINAWA KEN","NAGO SHI","SEDAKE"
"9051147","沖縄県","名護市","田井等","OKINAWA KEN","NAGO SHI","TAIRA"
"9052265","沖縄県","名護市","汀間","OKINAWA KEN","NAGO SHI","TEIMA"
"9052261","沖縄県","名護市","天仁屋","OKINAWA KEN","NAGO SHI","TENIYA"
"9052172","沖縄県","名護市","豊原","OKINAWA KEN","NAGO SHI","TOYOHARA"
"9051153","沖縄県","名護市","仲尾","OKINAWA KEN","NAGO SHI","NAKAO"
"9051144","沖縄県","名護市","仲尾次","OKINAWA KEN","NAGO SHI","NAKAOSHI"
"9050004","沖縄県","名護市","中山","OKINAWA KEN","NAGO SHI","NAKAYAMA"
"9050012","沖縄県","名護市","名護","OKINAWA KEN","NAGO SHI","NAGO"
"9050005","沖縄県","名護市","為又","OKINAWA KEN","NAGO SHI","BIIMATA"
"9052269","沖縄県","名護市","二見","OKINAWA KEN","NAGO SHI","FUTAMI"
"9051151","沖縄県","名護市","振慶名","OKINAWA KEN","NAGO SHI","BURIKENA"
"9052171","沖縄県","名護市","辺野古","OKINAWA KEN","NAGO SHI","HENOKO"
"9051143","沖縄県","名護市","真喜屋","OKINAWA KEN","NAGO SHI","MAKIYA"
"9050014","沖縄県","名護市","港","OKINAWA KEN","NAGO SHI","MINATO"
"9052264","沖縄県","名護市","三原","OKINAWA KEN","NAGO SHI","MIHARA"
"9050011","沖縄県","名護市","宮里","OKINAWA KEN","NAGO SHI","MIYAZATO"
"9051631","沖縄県","名護市","屋我","OKINAWA KEN","NAGO SHI","YAGA"
"9050007","沖縄県","名護市","屋部","OKINAWA KEN","NAGO SHI","YABU"
"9050008","沖縄県","名護市","山入端","OKINAWA KEN","NAGO SHI","YAMANOHA"
"9050022","沖縄県","名護市","世冨慶","OKINAWA KEN","NAGO SHI","YOFUKE"
"9051632","沖縄県","名護市","饒平名","OKINAWA KEN","NAGO SHI","YOHENA"
"9010300","沖縄県","糸満市","以下に掲載がない場合","OKINAWA KEN","ITOMAN SHI","IKANIKEISAIGANAIBAAI"
"9010301","沖縄県","糸満市","阿波根","OKINAWA KEN","ITOMAN SHI","AHAGON"
"9010323","沖縄県","糸満市","新垣","OKINAWA KEN","ITOMAN SHI","ARAKAKI"
"9010363","沖縄県","糸満市","伊敷","OKINAWA KEN","ITOMAN SHI","ISHIKI"
"9010342","沖縄県","糸満市","糸洲","OKINAWA KEN","ITOMAN SHI","ITOSU"
"9010361","沖縄県","糸満市","糸満","OKINAWA KEN","ITOMAN SHI","ITOMAN"
"9010344","沖縄県","糸満市","伊原","OKINAWA KEN","ITOMAN SHI","IHARA"
"9010332","沖縄県","糸満市","宇江城","OKINAWA KEN","ITOMAN SHI","UEGUSUKU"
"9010325","沖縄県","糸満市","大里","OKINAWA KEN","ITOMAN SHI","OZATO"
"9010334","沖縄県","糸満市","大度","OKINAWA KEN","ITOMAN SHI","ODO"
"9010313","沖縄県","糸満市","賀数","OKINAWA KEN","ITOMAN SHI","KAKAZU"
"9010303","沖縄県","糸満市","兼城","OKINAWA KEN","ITOMAN SHI","KANEGUSUKU"
"9010312","沖縄県","糸満市","北波平","OKINAWA KEN","ITOMAN SHI","KITANAMIHIRA"
"9010354","沖縄県","糸満市","喜屋武","OKINAWA KEN","ITOMAN SHI","KYAN"
"9010324","沖縄県","糸満市","国吉","OKINAWA KEN","ITOMAN SHI","KUNIYOSHI"
"9010341","沖縄県","糸満市","小波蔵","OKINAWA KEN","ITOMAN SHI","KOHAGURA"
"9010335","沖縄県","糸満市","米須","OKINAWA KEN","ITOMAN SHI","KOMESU"
"9010314","沖縄県","糸満市","座波","OKINAWA KEN","ITOMAN SHI","ZAHA"
"9010364","沖縄県","糸満市","潮崎町","OKINAWA KEN","ITOMAN SHI","SHIOZAKICHO"
"9010302","沖縄県","糸満市","潮平","OKINAWA KEN","ITOMAN SHI","SHIOHIRA"
"9010311","沖縄県","糸満市","武富","OKINAWA KEN","ITOMAN SHI","TAKETOMI"
"9010353","沖縄県","糸満市","束里","OKINAWA KEN","ITOMAN SHI","TSUKAZATO"
"9010315","沖縄県","糸満市","照屋","OKINAWA KEN","ITOMAN SHI","TERUYA"
"9010321","沖縄県","糸満市","豊原","OKINAWA KEN","ITOMAN SHI","TOYOHARA"
"9010351","沖縄県","糸満市","名城","OKINAWA KEN","ITOMAN SHI","NASHIRO"
"9010304","沖縄県","糸満市","西川町","OKINAWA KEN","ITOMAN SHI","NISHIKAWACHO"
"9010305","沖縄県","糸満市","西崎","OKINAWA KEN","ITOMAN SHI","NISHIZAKI"
"9010306","沖縄県","糸満市","西崎町","OKINAWA KEN","ITOMAN SHI","NISHIZAKICHO"
"9010345","沖縄県","糸満市","福地","OKINAWA KEN","ITOMAN SHI","FUKUJI"
"9010362","沖縄県","糸満市","真栄里","OKINAWA KEN","ITOMAN SHI","MAEZATO"
"9010331","沖縄県","糸満市","真栄平","OKINAWA KEN","ITOMAN SHI","MAEHIRA"
"9010336","沖縄県","糸満市","真壁","OKINAWA KEN","ITOMAN SHI","MAKABE"
"9010333","沖縄県","糸満市","摩文仁","OKINAWA KEN","ITOMAN SHI","MABUNI"
"9010343","沖縄県","糸満市","南波平","OKINAWA KEN","ITOMAN SHI","MINAMINAMIHIRA"
"9010352","沖縄県","糸満市","山城","OKINAWA KEN","ITOMAN SHI","YAMAGUSUKU"
"9010322","沖縄県","糸満市","与座","OKINAWA KEN","ITOMAN SHI","YOZA"
"9040000","沖縄県","沖縄市","以下に掲載がない場合","OKINAWA KEN","OKINAWA SHI","IKANIKEISAIGANAIBAAI"
"9042152","沖縄県","沖縄市","明道","OKINAWA KEN","OKINAWA SHI","AKEMICHI"
"9040012","沖縄県","沖縄市","安慶田","OKINAWA KEN","OKINAWA SHI","AGEDA"
"9042172","沖縄県","沖縄市","泡瀬","OKINAWA KEN","OKINAWA SHI","AWASE"
"9042141","沖縄県","沖縄市","池原","OKINAWA KEN","OKINAWA SHI","IKEHARA"
"9040031","沖縄県","沖縄市","上地","OKINAWA KEN","OKINAWA SHI","UECHI"
"9042163","沖縄県","沖縄市","大里","OKINAWA KEN","OKINAWA SHI","OZATO"
"9042162","沖縄県","沖縄市","海邦","OKINAWA KEN","OKINAWA SHI","KAIHO"
"9042162","沖縄県","沖縄市","海邦町","OKINAWA KEN","OKINAWA SHI","KAIHOCHO"
"9040005","沖縄県","沖縄市","嘉間良","OKINAWA KEN","OKINAWA SHI","KAMARA"
"9040023","沖縄県","沖縄市","久保田","OKINAWA KEN","OKINAWA SHI","KUBOTA"
"9042145","沖縄県","沖縄市","倉敷","OKINAWA KEN","OKINAWA SHI","KURASHIKI"
"9042161","沖縄県","沖縄市","古謝","OKINAWA KEN","OKINAWA SHI","KOJA"
"9042166","沖縄県","沖縄市","古謝津嘉山町","OKINAWA KEN","OKINAWA SHI","KOJATSUKAZANCHO"
"9040001","沖縄県","沖縄市","越来","OKINAWA KEN","OKINAWA SHI","GOEKU"
"9040021","沖縄県","沖縄市","胡屋","OKINAWA KEN","OKINAWA SHI","GOYA"
"9042175","沖縄県","沖縄市","潮乃森","OKINAWA KEN","OKINAWA SHI","SHIONOMORI"
"9042144","沖縄県","沖縄市","白川","OKINAWA KEN","OKINAWA SHI","SHIRAKAWA"
"9040002","沖縄県","沖縄市","城前町","OKINAWA KEN","OKINAWA SHI","SHIROMAECHO"
"9040003","沖縄県","沖縄市","住吉","OKINAWA KEN","OKINAWA SHI","SUMIYOSHI"
"9040022","沖縄県","沖縄市","園田","OKINAWA KEN","OKINAWA SHI","SONODA"
"9042171","沖縄県","沖縄市","高原","OKINAWA KEN","OKINAWA SHI","TAKAHARA"
"9042143","沖縄県","沖縄市","知花","OKINAWA KEN","OKINAWA SHI","CHIBANA"
"9040004","沖縄県","沖縄市","中央","OKINAWA KEN","OKINAWA SHI","CHUO"
"9040011","沖縄県","沖縄市","照屋","OKINAWA KEN","OKINAWA SHI","TERUYA"
"9042164","沖縄県","沖縄市","桃原","OKINAWA KEN","OKINAWA SHI","TOBARU"
"9040014","沖縄県","沖縄市","仲宗根町","OKINAWA KEN","OKINAWA SHI","NAKASONECHO"
"9042142","沖縄県","沖縄市","登川","OKINAWA KEN","OKINAWA SHI","NOBORIKAWA"
"9042154","沖縄県","沖縄市","東","OKINAWA KEN","OKINAWA SHI","HIGASHI"
"9042173","沖縄県","沖縄市","比屋根","OKINAWA KEN","OKINAWA SHI","HIYAGON"
"9042151","沖縄県","沖縄市","松本","OKINAWA KEN","OKINAWA SHI","MATSUMOTO"
"9042153","沖縄県","沖縄市","美里","OKINAWA KEN","OKINAWA SHI","MISATO"
"9042156","沖縄県","沖縄市","美里仲原町","OKINAWA KEN","OKINAWA SHI","MISATONAKAHARACHO"
"9040035","沖縄県","沖縄市","南桃原","OKINAWA KEN","OKINAWA SHI","MINAMITOBARU"
"9042155","沖縄県","沖縄市","美原","OKINAWA KEN","OKINAWA SHI","MIHARA"
"9042165","沖縄県","沖縄市","宮里","OKINAWA KEN","OKINAWA SHI","MIYAZATO"
"9040013","沖縄県","沖縄市","室川","OKINAWA KEN","OKINAWA SHI","MUROKAWA"
"9040032","沖縄県","沖縄市","諸見里","OKINAWA KEN","OKINAWA SHI","MOROMIZATO"
"9040006","沖縄県","沖縄市","八重島","OKINAWA KEN","OKINAWA SHI","YAESHIMA"
"9040034","沖縄県","沖縄市","山内","OKINAWA KEN","OKINAWA SHI","YAMAUCHI"
"9040033","沖縄県","沖縄市","山里","OKINAWA KEN","OKINAWA SHI","YAMAZATO"
"9042174","沖縄県","沖縄市","与儀","OKINAWA KEN","OKINAWA SHI","YOGI"
"9010200","沖縄県","豊見城市","以下に掲載がない場合","OKINAWA KEN","TOMIGUSUKU SHI","IKANIKEISAIGANAIBAAI"
"9010232","沖縄県","豊見城市","伊良波","OKINAWA KEN","TOMIGUSUKU SHI","IRAHA"
"9010243","沖縄県","豊見城市","上田","OKINAWA KEN","TOMIGUSUKU SHI","UETA"
"9010223","沖縄県","豊見城市","翁長","OKINAWA KEN","TOMIGUSUKU SHI","ONAGA"
"9010202","沖縄県","豊見城市","嘉数","OKINAWA KEN","TOMIGUSUKU SHI","KAKAZU"
"9010231","沖縄県","豊見城市","我那覇","OKINAWA KEN","TOMIGUSUKU SHI","GANAHA"
"9010204","沖縄県","豊見城市","金良","OKINAWA KEN","TOMIGUSUKU SHI","KANERA"
"9010244","沖縄県","豊見城市","宜保","OKINAWA KEN","TOMIGUSUKU SHI","GIBO"
"9010221","沖縄県","豊見城市","座安","OKINAWA KEN","TOMIGUSUKU SHI","ZAYASU"
"9010233","沖縄県","豊見城市","瀬長","OKINAWA KEN","TOMIGUSUKU SHI","SENAGA"
"9010212","沖縄県","豊見城市","平良","OKINAWA KEN","TOMIGUSUKU SHI","TAIRA"
"9010213","沖縄県","豊見城市","高嶺","OKINAWA KEN","TOMIGUSUKU SHI","TAKAMINE"
"9010242","沖縄県","豊見城市","高安","OKINAWA KEN","TOMIGUSUKU SHI","TAKAYASU"
"9010234","沖縄県","豊見城市","田頭","OKINAWA KEN","TOMIGUSUKU SHI","TAGAMI"
"9010215","沖縄県","豊見城市","渡嘉敷","OKINAWA KEN","TOMIGUSUKU SHI","TOKASHIKI"
"9010222","沖縄県","豊見城市","渡橋名","OKINAWA KEN","TOMIGUSUKU SHI","TOHASHINA"
"9010241","沖縄県","豊見城市","豊見城","OKINAWA KEN","TOMIGUSUKU SHI","TOMIGUSUKU"
"9010225","沖縄県","豊見城市","豊崎","OKINAWA KEN","TOMIGUSUKU SHI","TOYOSAKI"
"9010235","沖縄県","豊見城市","名嘉地","OKINAWA KEN","TOMIGUSUKU SHI","NAKACHI"
"9010203","沖縄県","豊見城市","長堂","OKINAWA KEN","TOMIGUSUKU SHI","NAGADO"
"9010205","沖縄県","豊見城市","根差部","OKINAWA KEN","TOMIGUSUKU SHI","NESABU"
"9010211","沖縄県","豊見城市","饒波","OKINAWA KEN","TOMIGUSUKU SHI","NOHA"
"9010214","沖縄県","豊見城市","保栄茂","OKINAWA KEN","TOMIGUSUKU SHI","BIN"
"9010201","沖縄県","豊見城市","真玉橋","OKINAWA KEN","TOMIGUSUKU SHI","MADAMBASHI"
"9010224","沖縄県","豊見城市","与根","OKINAWA KEN","TOMIGUSUKU SHI","YONE"
"9042200","沖縄県","うるま市","以下に掲載がない場合","OKINAWA KEN","URUMA SHI","IKANIKEISAIGANAIBAAI"
"9042212","沖縄県","うるま市","赤野","OKINAWA KEN","URUMA SHI","AKANO"
"9042245","沖縄県","うるま市","赤道","OKINAWA KEN","URUMA SHI","AKAMICHI"
"9042214","沖縄県","うるま市","安慶名","OKINAWA KEN","URUMA SHI","AGENA"
"9041106","沖縄県","うるま市","石川","OKINAWA KEN","URUMA SHI","ISHIKAWA"
"9041103","沖縄県","うるま市","石川　赤崎","OKINAWA KEN","URUMA SHI","ISHIKAWA AKASAKI"
"9041102","沖縄県","うるま市","石川　東山","OKINAWA KEN","URUMA SHI","ISHIKAWA AGARIYAMA"
"9041101","沖縄県","うるま市","石川　東山本町","OKINAWA KEN","URUMA SHI","ISHIKAWA AGARIYAMAMOTOMACHI"
"9041107","沖縄県","うるま市","石川　曙","OKINAWA KEN","URUMA SHI","ISHIKAWA AKEBONO"
"9041104","沖縄県","うるま市","石川　石崎","OKINAWA KEN","URUMA SHI","ISHIKAWA ISHIZAKI"
"9041115","沖縄県","うるま市","石川　伊波","OKINAWA KEN","URUMA SHI","ISHIKAWA IHA"
"9041114","沖縄県","うるま市","石川　嘉手苅","OKINAWA KEN","URUMA SHI","ISHIKAWA KADEKARU"
"9041105","沖縄県","うるま市","石川　白浜","OKINAWA KEN","URUMA SHI","ISHIKAWA SHIRAHAMA"
"9041112","沖縄県","うるま市","石川　楚南","OKINAWA KEN","URUMA SHI","ISHIKAWA SONAN"
"9041111","沖縄県","うるま市","石川　東恩納","OKINAWA KEN","URUMA SHI","ISHIKAWA HIGASHIONNA"
"9041108","沖縄県","うるま市","石川　東恩納崎","OKINAWA KEN","URUMA SHI","ISHIKAWA HIGASHIONNAZAKI"
"9041113","沖縄県","うるま市","石川　山城","OKINAWA KEN","URUMA SHI","ISHIKAWA YAMASHIRO"
"9042204","沖縄県","うるま市","西原","OKINAWA KEN","URUMA SHI","IRIBARU"
"9042222","沖縄県","うるま市","上江洲","OKINAWA KEN","URUMA SHI","UEZU"
"9042211","沖縄県","うるま市","宇堅","OKINAWA KEN","URUMA SHI","UKEN"
"9042244","沖縄県","うるま市","江洲","OKINAWA KEN","URUMA SHI","ESU"
"9042205","沖縄県","うるま市","栄野比","OKINAWA KEN","URUMA SHI","ENOBI"
"9042224","沖縄県","うるま市","大田","OKINAWA KEN","URUMA SHI","OTA"
"9042313","沖縄県","うるま市","勝連　内間","OKINAWA KEN","URUMA SHI","KATSUREN UCHIMA"
"9042317","沖縄県","うるま市","勝連　津堅","OKINAWA KEN","URUMA SHI","KATSUREN TSUKEN"
"9042311","沖縄県","うるま市","勝連　南風原","OKINAWA KEN","URUMA SHI","KATSUREN HAEBARU"
"9042315","沖縄県","うるま市","勝連　浜","OKINAWA KEN","URUMA SHI","KATSUREN HAMA"
"9042316","沖縄県","うるま市","勝連　比嘉","OKINAWA KEN","URUMA SHI","KATSUREN HIGA"
"9042314","沖縄県","うるま市","勝連　平敷屋","OKINAWA KEN","URUMA SHI","KATSUREN HESHIKIYA"
"9042312","沖縄県","うるま市","勝連　平安名","OKINAWA KEN","URUMA SHI","KATSUREN HENNA"
"9042241","沖縄県","うるま市","兼箇段","OKINAWA KEN","URUMA SHI","KANEKADAN"
"9042203","沖縄県","うるま市","川崎","OKINAWA KEN","URUMA SHI","KAWASAKI"
"9042232","沖縄県","うるま市","川田","OKINAWA KEN","URUMA SHI","KAWATA"
"9042236","沖縄県","うるま市","喜仲","OKINAWA KEN","URUMA SHI","KINAKA"
"9042225","沖縄県","うるま市","喜屋武","OKINAWA KEN","URUMA SHI","KYAN"
"9042223","沖縄県","うるま市","具志川","OKINAWA KEN","URUMA SHI","GUSHIKAWA"
"9042201","沖縄県","うるま市","昆布","OKINAWA KEN","URUMA SHI","KOMBU"
"9042231","沖縄県","うるま市","塩屋","OKINAWA KEN","URUMA SHI","SHIOYA"
"9042234","沖縄県","うるま市","州崎","OKINAWA KEN","URUMA SHI","SUZAKI"
"9042221","沖縄県","うるま市","平良川","OKINAWA KEN","URUMA SHI","TAIRAGAWA"
"9042242","沖縄県","うるま市","高江洲","OKINAWA KEN","URUMA SHI","TAKAESU"
"9042213","沖縄県","うるま市","田場","OKINAWA KEN","URUMA SHI","TABA"
"9042202","沖縄県","うるま市","天願","OKINAWA KEN","URUMA SHI","TENGAN"
"9042233","沖縄県","うるま市","豊原","OKINAWA KEN","URUMA SHI","TOYOHARA"
"9042226","沖縄県","うるま市","仲嶺","OKINAWA KEN","URUMA SHI","NAKAMINE"
"9042235","沖縄県","うるま市","前原","OKINAWA KEN","URUMA SHI","MAEHARA"
"9042215","沖縄県","うるま市","みどり町","OKINAWA KEN","URUMA SHI","MIDORIMACHI"
"9042243","沖縄県","うるま市","宮里","OKINAWA KEN","URUMA SHI","MIYAZATO"
"9042303","沖縄県","うるま市","与那城","OKINAWA KEN","URUMA SHI","YONASHIRO"
"9042306","沖縄県","うるま市","与那城　安勢理","OKINAWA KEN","URUMA SHI","YONASHIRO ASERI"
"9042421","沖縄県","うるま市","与那城　伊計","OKINAWA KEN","URUMA SHI","YONASHIRO IKEI"
"9042422","沖縄県","うるま市","与那城　池味","OKINAWA KEN","URUMA SHI","YONASHIRO IKEMI"
"9042424","沖縄県","うるま市","与那城　上原","OKINAWA KEN","URUMA SHI","YONASHIRO UEHARA"
"9042305","沖縄県","うるま市","与那城　中央","OKINAWA KEN","URUMA SHI","YONASHIRO CHUO"
"9042301","沖縄県","うるま市","与那城　照間","OKINAWA KEN","URUMA SHI","YONASHIRO TERUMA"
"9042425","沖縄県","うるま市","与那城　桃原","OKINAWA KEN","URUMA SHI","YONASHIRO TOBARU"
"9042302","沖縄県","うるま市","与那城　西原","OKINAWA KEN","URUMA SHI","YONASHIRO NISHIHARA"
"9042307","沖縄県","うるま市","与那城　饒辺","OKINAWA KEN","URUMA SHI","YONASHIRO NOHEN"
"9042428","沖縄県","うるま市","与那城　平宮","OKINAWA KEN","URUMA SHI","YONASHIRO HIRAMIYA"
"9042426","沖縄県","うるま市","与那城　平安座","OKINAWA KEN","URUMA SHI","YONASHIRO HENZA"
"9042423","沖縄県","うるま市","与那城　宮城","OKINAWA KEN","URUMA SHI","YONASHIRO MIYAGI"
"9042304","沖縄県","うるま市","与那城　屋慶名","OKINAWA KEN","URUMA SHI","YONASHIRO YAKENA"
"9042427","沖縄県","うるま市","与那城　屋平","OKINAWA KEN","URUMA SHI","YONASHIRO YAHIRA"
"9060000","沖縄県","宮古島市","以下に掲載がない場合","OKINAWA KEN","MIYAKOJIMA SHI","IKANIKEISAIGANAIBAAI"
"9060502","沖縄県","宮古島市","伊良部　池間添","OKINAWA KEN","MIYAKOJIMA SHI","IRABU IKEMASOE"
"9060503","沖縄県","宮古島市","伊良部　伊良部","OKINAWA KEN","MIYAKOJIMA SHI","IRABU IRABU"
"9060505","沖縄県","宮古島市","伊良部　国仲","OKINAWA KEN","MIYAKOJIMA SHI","IRABU KUNINAKA"
"9060507","沖縄県","宮古島市","伊良部　佐和田","OKINAWA KEN","MIYAKOJIMA SHI","IRABU SAWADA"
"9060504","沖縄県","宮古島市","伊良部　仲地","OKINAWA KEN","MIYAKOJIMA SHI","IRABU NAKACHI"
"9060506","沖縄県","宮古島市","伊良部　長浜","OKINAWA KEN","MIYAKOJIMA SHI","IRABU NAGAHAMA"
"9060501","沖縄県","宮古島市","伊良部　前里添","OKINAWA KEN","MIYAKOJIMA SHI","IRABU MAESATOSOE"
"9060204","沖縄県","宮古島市","上野　上野","OKINAWA KEN","MIYAKOJIMA SHI","UENO UENO"
"9060202","沖縄県","宮古島市","上野　新里","OKINAWA KEN","MIYAKOJIMA SHI","UENO SHINZATO"
"9060201","沖縄県","宮古島市","上野　野原","OKINAWA KEN","MIYAKOJIMA SHI","UENO NOBARU"
"9060203","沖縄県","宮古島市","上野　宮国","OKINAWA KEN","MIYAKOJIMA SHI","UENO MIYAGUNI"
"9060102","沖縄県","宮古島市","城辺　新城","OKINAWA KEN","MIYAKOJIMA SHI","GUSUKUBE ARAGUSUKU"
"9060108","沖縄県","宮古島市","城辺　砂川","OKINAWA KEN","MIYAKOJIMA SHI","GUSUKUBE URUKA"
"9060109","沖縄県","宮古島市","城辺　下里添","OKINAWA KEN","MIYAKOJIMA SHI","GUSUKUBE SHIMOZATOSOE"
"9060107","沖縄県","宮古島市","城辺　友利","OKINAWA KEN","MIYAKOJIMA SHI","GUSUKUBE TOMORI"
"9060105","沖縄県","宮古島市","城辺　長間","OKINAWA KEN","MIYAKOJIMA SHI","GUSUKUBE NAGAMA"
"9060106","沖縄県","宮古島市","城辺　西里添","OKINAWA KEN","MIYAKOJIMA SHI","GUSUKUBE NISHIZATOSOE"
"9060104","沖縄県","宮古島市","城辺　比嘉","OKINAWA KEN","MIYAKOJIMA SHI","GUSUKUBE HIGA"
"9060103","沖縄県","宮古島市","城辺　福里","OKINAWA KEN","MIYAKOJIMA SHI","GUSUKUBE FUKUZATO"
"9060101","沖縄県","宮古島市","城辺　保良","OKINAWA KEN","MIYAKOJIMA SHI","GUSUKUBE BORA"
"9060304","沖縄県","宮古島市","下地　上地","OKINAWA KEN","MIYAKOJIMA SHI","SHIMOJI UECHI"
"9060302","沖縄県","宮古島市","下地　嘉手苅","OKINAWA KEN","MIYAKOJIMA SHI","SHIMOJI KADEKARI"
"9060301","沖縄県","宮古島市","下地　川満","OKINAWA KEN","MIYAKOJIMA SHI","SHIMOJI KAWAMITSU"
"9060306","沖縄県","宮古島市","下地　来間","OKINAWA KEN","MIYAKOJIMA SHI","SHIMOJI KURIMA"
"9060303","沖縄県","宮古島市","下地　洲鎌","OKINAWA KEN","MIYAKOJIMA SHI","SHIMOJI SUGAMA"
"9060305","沖縄県","宮古島市","下地　与那覇","OKINAWA KEN","MIYAKOJIMA SHI","SHIMOJI YONAHA"
"9060421","沖縄県","宮古島市","平良　池間","OKINAWA KEN","MIYAKOJIMA SHI","HIRARA IKEMA"
"9060004","沖縄県","宮古島市","平良　大浦","OKINAWA KEN","MIYAKOJIMA SHI","HIRARA OURA"
"9060001","沖縄県","宮古島市","平良　大神","OKINAWA KEN","MIYAKOJIMA SHI","HIRARA OGAMI"
"9060002","沖縄県","宮古島市","平良　狩俣","OKINAWA KEN","MIYAKOJIMA SHI","HIRARA KARIMATA"
"9060015","沖縄県","宮古島市","平良　久貝","OKINAWA KEN","MIYAKOJIMA SHI","HIRARA KUGAI"
"9060003","沖縄県","宮古島市","平良　島尻","OKINAWA KEN","MIYAKOJIMA SHI","HIRARA SHIMAJIRI"
"9060013","沖縄県","宮古島市","平良　下里","OKINAWA KEN","MIYAKOJIMA SHI","HIRARA SHIMOZATO"
"9060008","沖縄県","宮古島市","平良　荷川取","OKINAWA KEN","MIYAKOJIMA SHI","HIRARA NIKADORI"
"9060012","沖縄県","宮古島市","平良　西里","OKINAWA KEN","MIYAKOJIMA SHI","HIRARA NISHIZATO"
"9060006","沖縄県","宮古島市","平良　西仲宗根","OKINAWA KEN","MIYAKOJIMA SHI","HIRARA NISHINAKASONE"
"9060005","沖縄県","宮古島市","平良　西原","OKINAWA KEN","MIYAKOJIMA SHI","HIRARA NISHIHARA"
"9060007","沖縄県","宮古島市","平良　東仲宗根","OKINAWA KEN","MIYAKOJIMA SHI","HIRARA HIGASHINAKASONE"
"9060011","沖縄県","宮古島市","平良　東仲宗根添","OKINAWA KEN","MIYAKOJIMA SHI","HIRARA HIGASHINAKASONEZOE"
"9060422","沖縄県","宮古島市","平良　前里","OKINAWA KEN","MIYAKOJIMA SHI","HIRARA MAEZATO"
"9060014","沖縄県","宮古島市","平良　松原","OKINAWA KEN","MIYAKOJIMA SHI","HIRARA MATSUBARA"
"9011400","沖縄県","南城市","以下に掲載がない場合","OKINAWA KEN","NANJO SHI","IKANIKEISAIGANAIBAAI"
"9011204","沖縄県","南城市","大里　稲嶺","OKINAWA KEN","NANJO SHI","OZATO INAMINE"
"9011202","沖縄県","南城市","大里　大里","OKINAWA KEN","NANJO SHI","OZATO OZATO"
"9011203","沖縄県","南城市","大里　大城","OKINAWA KEN","NANJO SHI","OZATO OSHIRO"
"9011208","沖縄県","南城市","大里　平良","OKINAWA KEN","NANJO SHI","OZATO TAIRA"
"9011205","沖縄県","南城市","大里　高平","OKINAWA KEN","NANJO SHI","OZATO TAKAHIRA"
"9011206","沖縄県","南城市","大里　仲間","OKINAWA KEN","NANJO SHI","OZATO NAKAMA"
"9011207","沖縄県","南城市","大里　古堅","OKINAWA KEN","NANJO SHI","OZATO FURUGEN"
"9011201","沖縄県","南城市","大里　嶺井","OKINAWA KEN","NANJO SHI","OZATO MINEI"
"9011401","沖縄県","南城市","佐敷　伊原","OKINAWA KEN","NANJO SHI","SASHIKI IBARA"
"9011413","沖縄県","南城市","佐敷　小谷","OKINAWA KEN","NANJO SHI","SASHIKI OKOKU"
"9011411","沖縄県","南城市","佐敷　兼久","OKINAWA KEN","NANJO SHI","SASHIKI KANEKU"
"9011403","沖縄県","南城市","佐敷　佐敷","OKINAWA KEN","NANJO SHI","SASHIKI SASHIKI"
"9011415","沖縄県","南城市","佐敷　新開","OKINAWA KEN","NANJO SHI","SASHIKI SHINKAI"
"9011412","沖縄県","南城市","佐敷　新里","OKINAWA KEN","NANJO SHI","SASHIKI SHINZATO"
"9011414","沖縄県","南城市","佐敷　津波古","OKINAWA KEN","NANJO SHI","SASHIKI TSUHAKO"
"9011402","沖縄県","南城市","佐敷　手登根","OKINAWA KEN","NANJO SHI","SASHIKI TEDOKON"
"9011405","沖縄県","南城市","佐敷　仲伊保","OKINAWA KEN","NANJO SHI","SASHIKI NAKAIHO"
"9011404","沖縄県","南城市","佐敷　冨祖崎","OKINAWA KEN","NANJO SHI","SASHIKI FUSOZAKI"
"9011406","沖縄県","南城市","佐敷　屋比久","OKINAWA KEN","NANJO SHI","SASHIKI YABIKU"
"9010617","沖縄県","南城市","玉城　愛地","OKINAWA KEN","NANJO SHI","TAMAGUSUKU AICHI"
"9010606","沖縄県","南城市","玉城　糸数","OKINAWA KEN","NANJO SHI","TAMAGUSUKU ITOKAZU"
"9010614","沖縄県","南城市","玉城　奥武","OKINAWA KEN","NANJO SHI","TAMAGUSUKU O"
"9010608","沖縄県","南城市","玉城　親慶原","OKINAWA KEN","NANJO SHI","TAMAGUSUKU OYAKEBARU"
"9010601","沖縄県","南城市","玉城　垣花","OKINAWA KEN","NANJO SHI","TAMAGUSUKU KAKINOHANA"
"9010607","沖縄県","南城市","玉城　喜良原","OKINAWA KEN","NANJO SHI","TAMAGUSUKU KIRABARU"
"9010613","沖縄県","南城市","玉城　志堅原","OKINAWA KEN","NANJO SHI","TAMAGUSUKU SHIKEMBARU"
"9010604","沖縄県","南城市","玉城　玉城","OKINAWA KEN","NANJO SHI","TAMAGUSUKU TAMAGUSUKU"
"9010612","沖縄県","南城市","玉城　當山","OKINAWA KEN","NANJO SHI","TAMAGUSUKU TOYAMA"
"9010605","沖縄県","南城市","玉城　中山","OKINAWA KEN","NANJO SHI","TAMAGUSUKU NAKAYAMA"
"9010602","沖縄県","南城市","玉城　仲村渠","OKINAWA KEN","NANJO SHI","TAMAGUSUKU NAKANDAKARI"
"9010603","沖縄県","南城市","玉城　百名","OKINAWA KEN","NANJO SHI","TAMAGUSUKU HYAKUNA"
"9010611","沖縄県","南城市","玉城　富里","OKINAWA KEN","NANJO SHI","TAMAGUSUKU FUSATO"
"9010618","沖縄県","南城市","玉城　船越","OKINAWA KEN","NANJO SHI","TAMAGUSUKU FUNAKOSHI"
"9010615","沖縄県","南城市","玉城　堀川","OKINAWA KEN","NANJO SHI","TAMAGUSUKU HORIKAWA"
"9010616","沖縄県","南城市","玉城　前川","OKINAWA KEN","NANJO SHI","TAMAGUSUKU MAEKAWA"
"9010619","沖縄県","南城市","玉城　屋嘉部","OKINAWA KEN","NANJO SHI","TAMAGUSUKU YAKABU"
"9011502","沖縄県","南城市","知念　安座真","OKINAWA KEN","NANJO SHI","CHINEN AZAMA"
"9011504","沖縄県","南城市","知念　海野","OKINAWA KEN","NANJO SHI","CHINEN UMINO"
"9011514","沖縄県","南城市","知念　具志堅","OKINAWA KEN","NANJO SHI","CHINEN GUSHIKEN"
"9011501","沖縄県","南城市","知念　久高","OKINAWA KEN","NANJO SHI","CHINEN KUDAKA"
"9011511","沖縄県","南城市","知念　久手堅","OKINAWA KEN","NANJO SHI","CHINEN KUDEKEN"
"9011505","沖縄県","南城市","知念　久原","OKINAWA KEN","NANJO SHI","CHINEN KUHARA"
"9011516","沖縄県","南城市","知念　志喜屋","OKINAWA KEN","NANJO SHI","CHINEN SHIKIYA"
"9011503","沖縄県","南城市","知念　知名","OKINAWA KEN","NANJO SHI","CHINEN CHINA"
"9011513","沖縄県","南城市","知念　知念","OKINAWA KEN","NANJO SHI","CHINEN CHINEN"
"9011515","沖縄県","南城市","知念　山里","OKINAWA KEN","NANJO SHI","CHINEN YAMAZATO"
"9011512","沖縄県","南城市","知念　吉富","OKINAWA KEN","NANJO SHI","CHINEN YOSHITOMI"
"9011407","沖縄県","南城市","つきしろ","OKINAWA KEN","NANJO SHI","TSUKISHIRO"
"9051400","沖縄県","国頭郡　国頭村","以下に掲載がない場合","OKINAWA KEN","KUNIGAMI GUN KUNIGAMI SON","IKANIKEISAIGANAIBAAI"
"9051503","沖縄県","国頭郡　国頭村","安田","OKINAWA KEN","KUNIGAMI GUN KUNIGAMI SON","ADA"
"9051504","沖縄県","国頭郡　国頭村","安波","OKINAWA KEN","KUNIGAMI GUN KUNIGAMI SON","AHA"
"9051428","沖縄県","国頭郡　国頭村","伊地","OKINAWA KEN","KUNIGAMI GUN KUNIGAMI SON","IJI"
"9051423","沖縄県","国頭郡　国頭村","宇嘉","OKINAWA KEN","KUNIGAMI GUN KUNIGAMI SON","UKA"
"9051429","沖縄県","国頭郡　国頭村","宇良","OKINAWA KEN","KUNIGAMI GUN KUNIGAMI SON","URA"
"9051501","沖縄県","国頭郡　国頭村","奥","OKINAWA KEN","KUNIGAMI GUN KUNIGAMI SON","OKU"
"9051412","沖縄県","国頭郡　国頭村","奥間","OKINAWA KEN","KUNIGAMI GUN KUNIGAMI SON","OKUMA"
"9051416","沖縄県","国頭郡　国頭村","鏡地","OKINAWA KEN","KUNIGAMI GUN KUNIGAMI SON","KAGANJI"
"9051422","沖縄県","国頭郡　国頭村","宜名真","OKINAWA KEN","KUNIGAMI GUN KUNIGAMI SON","GINAMA"
"9051425","沖縄県","国頭郡　国頭村","佐手","OKINAWA KEN","KUNIGAMI GUN KUNIGAMI SON","SATE"
"9051426","沖縄県","国頭郡　国頭村","謝敷","OKINAWA KEN","KUNIGAMI GUN KUNIGAMI SON","JASHIKI"
"9051502","沖縄県","国頭郡　国頭村","楚洲","OKINAWA KEN","KUNIGAMI GUN KUNIGAMI SON","SOSU"
"9051417","沖縄県","国頭郡　国頭村","桃原","OKINAWA KEN","KUNIGAMI GUN KUNIGAMI SON","TOBARU"
"9051415","沖縄県","国頭郡　国頭村","浜","OKINAWA KEN","KUNIGAMI GUN KUNIGAMI SON","HAMA"
"9051414","沖縄県","国頭郡　国頭村","半地","OKINAWA KEN","KUNIGAMI GUN KUNIGAMI SON","HANJI"
"9051413","沖縄県","国頭郡　国頭村","比地","OKINAWA KEN","KUNIGAMI GUN KUNIGAMI SON","HIJI"
"9051421","沖縄県","国頭郡　国頭村","辺戸","OKINAWA KEN","KUNIGAMI GUN KUNIGAMI SON","HEDO"
"9051424","沖縄県","国頭郡　国頭村","辺野喜","OKINAWA KEN","KUNIGAMI GUN KUNIGAMI SON","BENOKI"
"9051411","沖縄県","国頭郡　国頭村","辺土名","OKINAWA KEN","KUNIGAMI GUN KUNIGAMI SON","HENTONA"
"9051427","沖縄県","国頭郡　国頭村","与那","OKINAWA KEN","KUNIGAMI GUN KUNIGAMI SON","YONA"
"9051300","沖縄県","国頭郡　大宜味村","以下に掲載がない場合","OKINAWA KEN","KUNIGAMI GUN OGIMI SON","IKANIKEISAIGANAIBAAI"
"9051308","沖縄県","国頭郡　大宜味村","上原","OKINAWA KEN","KUNIGAMI GUN OGIMI SON","UEHARA"
"9051317","沖縄県","国頭郡　大宜味村","江洲","OKINAWA KEN","KUNIGAMI GUN OGIMI SON","ESU"
"9051305","沖縄県","国頭郡　大宜味村","大兼久","OKINAWA KEN","KUNIGAMI GUN OGIMI SON","OGANEKU"
"9051306","沖縄県","国頭郡　大宜味村","大宜味","OKINAWA KEN","KUNIGAMI GUN OGIMI SON","OGIMI"
"9051313","沖縄県","国頭郡　大宜味村","押川","OKINAWA KEN","KUNIGAMI GUN OGIMI SON","OSHIKAWA"
"9051303","沖縄県","国頭郡　大宜味村","喜如嘉","OKINAWA KEN","KUNIGAMI GUN OGIMI SON","KIJOKA"
"9051311","沖縄県","国頭郡　大宜味村","塩屋","OKINAWA KEN","KUNIGAMI GUN OGIMI SON","SHIOYA"
"9051302","沖縄県","国頭郡　大宜味村","謝名城","OKINAWA KEN","KUNIGAMI GUN OGIMI SON","JANAGUSUKU"
"9051316","沖縄県","国頭郡　大宜味村","白浜","OKINAWA KEN","KUNIGAMI GUN OGIMI SON","SHIRAHAMA"
"9051315","沖縄県","国頭郡　大宜味村","大保","OKINAWA KEN","KUNIGAMI GUN OGIMI SON","TAIHO"
"9051301","沖縄県","国頭郡　大宜味村","田嘉里","OKINAWA KEN","KUNIGAMI GUN OGIMI SON","TAKAZATO"
"9051314","沖縄県","国頭郡　大宜味村","田港","OKINAWA KEN","KUNIGAMI GUN OGIMI SON","TAMINATO"
"9051318","沖縄県","国頭郡　大宜味村","津波","OKINAWA KEN","KUNIGAMI GUN OGIMI SON","TSUHA"
"9051304","沖縄県","国頭郡　大宜味村","饒波","OKINAWA KEN","KUNIGAMI GUN OGIMI SON","NUHA"
"9051307","沖縄県","国頭郡　大宜味村","根路銘","OKINAWA KEN","KUNIGAMI GUN OGIMI SON","NEROME"
"9051319","沖縄県","国頭郡　大宜味村","宮城","OKINAWA KEN","KUNIGAMI GUN OGIMI SON","MIYAGI"
"9051312","沖縄県","国頭郡　大宜味村","屋古","OKINAWA KEN","KUNIGAMI GUN OGIMI SON","YAKO"
"9051200","沖縄県","国頭郡　東村","以下に掲載がない場合","OKINAWA KEN","KUNIGAMI GUN HIGASHI SON","IKANIKEISAIGANAIBAAI"
"9051206","沖縄県","国頭郡　東村","有銘","OKINAWA KEN","KUNIGAMI GUN HIGASHI SON","ARUME"
"9051203","沖縄県","国頭郡　東村","川田","OKINAWA KEN","KUNIGAMI GUN HIGASHI SON","KAWATA"
"9051205","沖縄県","国頭郡　東村","慶佐次","OKINAWA KEN","KUNIGAMI GUN HIGASHI SON","GESASHI"
"9051204","沖縄県","国頭郡　東村","平良","OKINAWA KEN","KUNIGAMI GUN HIGASHI SON","TAIRA"
"9051201","沖縄県","国頭郡　東村","高江","OKINAWA KEN","KUNIGAMI GUN HIGASHI SON","TAKAE"
"9051202","沖縄県","国頭郡　東村","宮城","OKINAWA KEN","KUNIGAMI GUN HIGASHI SON","MIYAGI"
"9050400","沖縄県","国頭郡　今帰仁村","以下に掲載がない場合","OKINAWA KEN","KUNIGAMI GUN NAKIJIN SON","IKANIKEISAIGANAIBAAI"
"9050411","沖縄県","国頭郡　今帰仁村","天底","OKINAWA KEN","KUNIGAMI GUN NAKIJIN SON","AMESOKO"
"9050428","沖縄県","国頭郡　今帰仁村","今泊","OKINAWA KEN","KUNIGAMI GUN NAKIJIN SON","IMADOMARI"
"9050403","沖縄県","国頭郡　今帰仁村","運天","OKINAWA KEN","KUNIGAMI GUN NAKIJIN SON","UNTEN"
"9050427","沖縄県","国頭郡　今帰仁村","兼次","OKINAWA KEN","KUNIGAMI GUN NAKIJIN SON","KANESHI"
"9050404","沖縄県","国頭郡　今帰仁村","上運天","OKINAWA KEN","KUNIGAMI GUN NAKIJIN SON","KAMIUNTEN"
"9050406","沖縄県","国頭郡　今帰仁村","古宇利","OKINAWA KEN","KUNIGAMI GUN NAKIJIN SON","KORI"
"9050421","沖縄県","国頭郡　今帰仁村","越地","OKINAWA KEN","KUNIGAMI GUN NAKIJIN SON","KOECHI"
"9050413","沖縄県","国頭郡　今帰仁村","呉我山","OKINAWA KEN","KUNIGAMI GUN NAKIJIN SON","GOGAYAMA"
"9050422","沖縄県","国頭郡　今帰仁村","崎山","OKINAWA KEN","KUNIGAMI GUN NAKIJIN SON","SAKIYAMA"
"9050414","沖縄県","国頭郡　今帰仁村","謝名","OKINAWA KEN","KUNIGAMI GUN NAKIJIN SON","JANA"
"9050426","沖縄県","国頭郡　今帰仁村","諸志","OKINAWA KEN","KUNIGAMI GUN NAKIJIN SON","SHOSHI"
"9050405","沖縄県","国頭郡　今帰仁村","勢理客","OKINAWA KEN","KUNIGAMI GUN NAKIJIN SON","SERIKYAKU"
"9050415","沖縄県","国頭郡　今帰仁村","玉城","OKINAWA KEN","KUNIGAMI GUN NAKIJIN SON","TAMASHIRO"
"9050402","沖縄県","国頭郡　今帰仁村","渡喜仁","OKINAWA KEN","KUNIGAMI GUN NAKIJIN SON","TOKIJIN"
"9050424","沖縄県","国頭郡　今帰仁村","仲尾次","OKINAWA KEN","KUNIGAMI GUN NAKIJIN SON","NAKAOSHI"
"9050401","沖縄県","国頭郡　今帰仁村","仲宗根","OKINAWA KEN","KUNIGAMI GUN NAKIJIN SON","NAKASONE"
"9050423","沖縄県","国頭郡　今帰仁村","平敷","OKINAWA KEN","KUNIGAMI GUN NAKIJIN SON","HESHIKI"
"9050425","沖縄県","国頭郡　今帰仁村","与那嶺","OKINAWA KEN","KUNIGAMI GUN NAKIJIN SON","YONAMINE"
"9050412","沖縄県","国頭郡　今帰仁村","湧川","OKINAWA KEN","KUNIGAMI GUN NAKIJIN SON","WAKUGAWA"
"9050200","沖縄県","国頭郡　本部町","以下に掲載がない場合","OKINAWA KEN","KUNIGAMI GUN MOTOBU CHO","IKANIKEISAIGANAIBAAI"
"9050206","沖縄県","国頭郡　本部町","石川","OKINAWA KEN","KUNIGAMI GUN MOTOBU CHO","ISHIKAWA"
"9050221","沖縄県","国頭郡　本部町","伊豆味","OKINAWA KEN","KUNIGAMI GUN MOTOBU CHO","IZUMI"
"9050228","沖縄県","国頭郡　本部町","伊野波","OKINAWA KEN","KUNIGAMI GUN MOTOBU CHO","INOHA"
"9050229","沖縄県","国頭郡　本部町","大堂","OKINAWA KEN","KUNIGAMI GUN MOTOBU CHO","UFUDO"
"9050217","沖縄県","国頭郡　本部町","浦崎","OKINAWA KEN","KUNIGAMI GUN MOTOBU CHO","URASAKI"
"9050223","沖縄県","国頭郡　本部町","大嘉陽","OKINAWA KEN","KUNIGAMI GUN MOTOBU CHO","OKAYO"
"9050212","沖縄県","国頭郡　本部町","大浜","OKINAWA KEN","KUNIGAMI GUN MOTOBU CHO","OHAMA"
"9050202","沖縄県","国頭郡　本部町","嘉津宇","OKINAWA KEN","KUNIGAMI GUN MOTOBU CHO","KATSU"
"9050209","沖縄県","国頭郡　本部町","北里","OKINAWA KEN","KUNIGAMI GUN MOTOBU CHO","KITAZATO"
"9050201","沖縄県","国頭郡　本部町","具志堅","OKINAWA KEN","KUNIGAMI GUN MOTOBU CHO","GUSHIKEN"
"9050226","沖縄県","国頭郡　本部町","健堅","OKINAWA KEN","KUNIGAMI GUN MOTOBU CHO","KENKEN"
"9050225","沖縄県","国頭郡　本部町","崎本部","OKINAWA KEN","KUNIGAMI GUN MOTOBU CHO","SAKIMOTOBU"
"9050203","沖縄県","国頭郡　本部町","謝花","OKINAWA KEN","KUNIGAMI GUN MOTOBU CHO","JAHANA"
"9050208","沖縄県","国頭郡　本部町","新里","OKINAWA KEN","KUNIGAMI GUN MOTOBU CHO","SHINZATO"
"9050227","沖縄県","国頭郡　本部町","瀬底","OKINAWA KEN","KUNIGAMI GUN MOTOBU CHO","SESOKO"
"9050213","沖縄県","国頭郡　本部町","谷茶","OKINAWA KEN","KUNIGAMI GUN MOTOBU CHO","TANCHA"
"9050214","沖縄県","国頭郡　本部町","渡久地","OKINAWA KEN","KUNIGAMI GUN MOTOBU CHO","TOGUCHI"
"9050204","沖縄県","国頭郡　本部町","豊原","OKINAWA KEN","KUNIGAMI GUN MOTOBU CHO","TOYOHARA"
"9050222","沖縄県","国頭郡　本部町","並里","OKINAWA KEN","KUNIGAMI GUN MOTOBU CHO","NAMIZATO"
"9050215","沖縄県","国頭郡　本部町","野原","OKINAWA KEN","KUNIGAMI GUN MOTOBU CHO","NOBARU"
"9050216","沖縄県","国頭郡　本部町","浜元","OKINAWA KEN","KUNIGAMI GUN MOTOBU CHO","HAMAMOTO"
"9050211","沖縄県","国頭郡　本部町","東","OKINAWA KEN","KUNIGAMI GUN MOTOBU CHO","HIGASHI"
"9050207","沖縄県","国頭郡　本部町","備瀬","OKINAWA KEN","KUNIGAMI GUN MOTOBU CHO","BISE"
"9050218","沖縄県","国頭郡　本部町","古島","OKINAWA KEN","KUNIGAMI GUN MOTOBU CHO","FURUJIMA"
"9050224","沖縄県","国頭郡　本部町","辺名地","OKINAWA KEN","KUNIGAMI GUN MOTOBU CHO","HENAJI"
"9050205","沖縄県","国頭郡　本部町","山川","OKINAWA KEN","KUNIGAMI GUN MOTOBU CHO","YAMAKAWA"
"9050219","沖縄県","国頭郡　本部町","山里","OKINAWA KEN","KUNIGAMI GUN MOTOBU CHO","YAMAZATO"
"9040400","沖縄県","国頭郡　恩納村","以下に掲載がない場合","OKINAWA KEN","KUNIGAMI GUN ONNA SON","IKANIKEISAIGANAIBAAI"
"9040402","沖縄県","国頭郡　恩納村","安富祖","OKINAWA KEN","KUNIGAMI GUN ONNA SON","AFUSO"
"9040411","沖縄県","国頭郡　恩納村","恩納","OKINAWA KEN","KUNIGAMI GUN ONNA SON","ONNA"
"9040403","沖縄県","国頭郡　恩納村","喜瀬武原","OKINAWA KEN","KUNIGAMI GUN ONNA SON","KISEMBARU"
"9040404","沖縄県","国頭郡　恩納村","瀬良垣","OKINAWA KEN","KUNIGAMI GUN ONNA SON","SERAKAKI"
"9040412","沖縄県","国頭郡　恩納村","谷茶","OKINAWA KEN","KUNIGAMI GUN ONNA SON","TANCHA"
"9040415","沖縄県","国頭郡　恩納村","仲泊","OKINAWA KEN","KUNIGAMI GUN ONNA SON","NAKADOMARI"
"9040401","沖縄県","国頭郡　恩納村","名嘉真","OKINAWA KEN","KUNIGAMI GUN ONNA SON","NAKAMA"
"9040413","沖縄県","国頭郡　恩納村","冨着","OKINAWA KEN","KUNIGAMI GUN ONNA SON","FUCHAKU"
"9040414","沖縄県","国頭郡　恩納村","前兼久","OKINAWA KEN","KUNIGAMI GUN ONNA SON","MAEGANEKU"
"9040417","沖縄県","国頭郡　恩納村","真栄田","OKINAWA KEN","KUNIGAMI GUN ONNA SON","MAEDA"
"9040416","沖縄県","国頭郡　恩納村","山田","OKINAWA KEN","KUNIGAMI GUN ONNA SON","YAMADA"
"9041300","沖縄県","国頭郡　宜野座村","以下に掲載がない場合","OKINAWA KEN","KUNIGAMI GUN GINOZA SON","IKANIKEISAIGANAIBAAI"
"9041304","沖縄県","国頭郡　宜野座村","漢那","OKINAWA KEN","KUNIGAMI GUN GINOZA SON","KANNA"
"9041302","沖縄県","国頭郡　宜野座村","宜野座","OKINAWA KEN","KUNIGAMI GUN GINOZA SON","GINOZA"
"9041303","沖縄県","国頭郡　宜野座村","惣慶","OKINAWA KEN","KUNIGAMI GUN GINOZA SON","SOKEI"
"9041301","沖縄県","国頭郡　宜野座村","松田","OKINAWA KEN","KUNIGAMI GUN GINOZA SON","MATSUDA"
"9041200","沖縄県","国頭郡　金武町","以下に掲載がない場合","OKINAWA KEN","KUNIGAMI GUN KIN CHO","IKANIKEISAIGANAIBAAI"
"9041202","沖縄県","国頭郡　金武町","伊芸","OKINAWA KEN","KUNIGAMI GUN KIN CHO","IGEI"
"9041201","沖縄県","国頭郡　金武町","金武","OKINAWA KEN","KUNIGAMI GUN KIN CHO","KIN"
"9041203","沖縄県","国頭郡　金武町","屋嘉","OKINAWA KEN","KUNIGAMI GUN KIN CHO","YAKA"
"9050500","沖縄県","国頭郡　伊江村","以下に掲載がない場合","OKINAWA KEN","KUNIGAMI GUN IE SON","IKANIKEISAIGANAIBAAI"
"9050503","沖縄県","国頭郡　伊江村","川平","OKINAWA KEN","KUNIGAMI GUN IE SON","KAWAHIRA"
"9050505","沖縄県","国頭郡　伊江村","西江上","OKINAWA KEN","KUNIGAMI GUN IE SON","NISHIEUE"
"9050504","沖縄県","国頭郡　伊江村","西江前","OKINAWA KEN","KUNIGAMI GUN IE SON","NISHIEMAE"
"9050501","沖縄県","国頭郡　伊江村","東江上","OKINAWA KEN","KUNIGAMI GUN IE SON","HIGASHIEUE"
"9050502","沖縄県","国頭郡　伊江村","東江前","OKINAWA KEN","KUNIGAMI GUN IE SON","HIGASHIEMAE"
"9040300","沖縄県","中頭郡　読谷村","以下に掲載がない場合","OKINAWA KEN","NAKAGAMI GUN YOMITAN SON","IKANIKEISAIGANAIBAAI"
"9040303","沖縄県","中頭郡　読谷村","伊良皆","OKINAWA KEN","NAKAGAMI GUN YOMITAN SON","IRAMINA"
"9040321","沖縄県","中頭郡　読谷村","上地","OKINAWA KEN","NAKAGAMI GUN YOMITAN SON","UECHI"
"9040328","沖縄県","中頭郡　読谷村","宇座","OKINAWA KEN","NAKAGAMI GUN YOMITAN SON","UZA"
"9040316","沖縄県","中頭郡　読谷村","大木","OKINAWA KEN","NAKAGAMI GUN YOMITAN SON","OKI"
"9040313","沖縄県","中頭郡　読谷村","大湾","OKINAWA KEN","NAKAGAMI GUN YOMITAN SON","OWAN"
"9040302","沖縄県","中頭郡　読谷村","喜名","OKINAWA KEN","NAKAGAMI GUN YOMITAN SON","KINA"
"9040327","沖縄県","中頭郡　読谷村","儀間","OKINAWA KEN","NAKAGAMI GUN YOMITAN SON","GIMA"
"9040301","沖縄県","中頭郡　読谷村","座喜味","OKINAWA KEN","NAKAGAMI GUN YOMITAN SON","ZAKIMI"
"9040325","沖縄県","中頭郡　読谷村","瀬名波","OKINAWA KEN","NAKAGAMI GUN YOMITAN SON","SENAHA"
"9040304","沖縄県","中頭郡　読谷村","楚辺","OKINAWA KEN","NAKAGAMI GUN YOMITAN SON","SOBE"
"9040323","沖縄県","中頭郡　読谷村","高志保","OKINAWA KEN","NAKAGAMI GUN YOMITAN SON","TAKASHIHO"
"9040315","沖縄県","中頭郡　読谷村","渡具知","OKINAWA KEN","NAKAGAMI GUN YOMITAN SON","TOGUCHI"
"9040326","沖縄県","中頭郡　読谷村","渡慶次","OKINAWA KEN","NAKAGAMI GUN YOMITAN SON","TOKESHI"
"9040305","沖縄県","中頭郡　読谷村","都屋","OKINAWA KEN","NAKAGAMI GUN YOMITAN SON","TOYA"
"9040324","沖縄県","中頭郡　読谷村","長浜","OKINAWA KEN","NAKAGAMI GUN YOMITAN SON","NAGAHAMA"
"9040322","沖縄県","中頭郡　読谷村","波平","OKINAWA KEN","NAKAGAMI GUN YOMITAN SON","NAMIHIRA"
"9040311","沖縄県","中頭郡　読谷村","比謝","OKINAWA KEN","NAKAGAMI GUN YOMITAN SON","HIJA"
"9040312","沖縄県","中頭郡　読谷村","比謝矼","OKINAWA KEN","NAKAGAMI GUN YOMITAN SON","HIJABASHI"
"9040314","沖縄県","中頭郡　読谷村","古堅","OKINAWA KEN","NAKAGAMI GUN YOMITAN SON","FURUGEN"
"9040200","沖縄県","中頭郡　嘉手納町","以下に掲載がない場合","OKINAWA KEN","NAKAGAMI GUN KADENA CHO","IKANIKEISAIGANAIBAAI"
"9040203","沖縄県","中頭郡　嘉手納町","嘉手納","OKINAWA KEN","NAKAGAMI GUN KADENA CHO","KADENA"
"9040205","沖縄県","中頭郡　嘉手納町","兼久","OKINAWA KEN","NAKAGAMI GUN KADENA CHO","KANEKU"
"9040201","沖縄県","中頭郡　嘉手納町","久得","OKINAWA KEN","NAKAGAMI GUN KADENA CHO","KUDOKU"
"9040204","沖縄県","中頭郡　嘉手納町","水釜","OKINAWA KEN","NAKAGAMI GUN KADENA CHO","MIZUGAMA"
"9040202","沖縄県","中頭郡　嘉手納町","屋良","OKINAWA KEN","NAKAGAMI GUN KADENA CHO","YARA"
"9040100","沖縄県","中頭郡　北谷町","以下に掲載がない場合","OKINAWA KEN","NAKAGAMI GUN CHATAN CHO","IKANIKEISAIGANAIBAAI"
"9040102","沖縄県","中頭郡　北谷町","伊平","OKINAWA KEN","NAKAGAMI GUN CHATAN CHO","IHEI"
"9040107","沖縄県","中頭郡　北谷町","大村","OKINAWA KEN","NAKAGAMI GUN CHATAN CHO","OMURA"
"9040101","沖縄県","中頭郡　北谷町","上勢頭","OKINAWA KEN","NAKAGAMI GUN CHATAN CHO","KAMISEDO"
"9040117","沖縄県","中頭郡　北谷町","北前","OKINAWA KEN","NAKAGAMI GUN CHATAN CHO","KITAMAE"
"9040103","沖縄県","中頭郡　北谷町","桑江","OKINAWA KEN","NAKAGAMI GUN CHATAN CHO","KUWAE"
"9040111","沖縄県","中頭郡　北谷町","砂辺","OKINAWA KEN","NAKAGAMI GUN CHATAN CHO","SUNABE"
"9040106","沖縄県","中頭郡　北谷町","玉上","OKINAWA KEN","NAKAGAMI GUN CHATAN CHO","TAMAGAMI"
"9040116","沖縄県","中頭郡　北谷町","北谷","OKINAWA KEN","NAKAGAMI GUN CHATAN CHO","CHATAN"
"9040104","沖縄県","中頭郡　北谷町","桃原","OKINAWA KEN","NAKAGAMI GUN CHATAN CHO","TOBARU"
"9040112","沖縄県","中頭郡　北谷町","浜川","OKINAWA KEN","NAKAGAMI GUN CHATAN CHO","HAMAGAWA"
"9040114","沖縄県","中頭郡　北谷町","港","OKINAWA KEN","NAKAGAMI GUN CHATAN CHO","MINATO"
"9040115","沖縄県","中頭郡　北谷町","美浜","OKINAWA KEN","NAKAGAMI GUN CHATAN CHO","MIHAMA"
"9040113","沖縄県","中頭郡　北谷町","宮城","OKINAWA KEN","NAKAGAMI GUN CHATAN CHO","MIYAGI"
"9040105","沖縄県","中頭郡　北谷町","吉原","OKINAWA KEN","NAKAGAMI GUN CHATAN CHO","YOSHIHARA"
"9012300","沖縄県","中頭郡　北中城村","以下に掲載がない場合","OKINAWA KEN","NAKAGAMI GUN KITANAKAGUSUKU SON","IKANIKEISAIGANAIBAAI"
"9012316","沖縄県","中頭郡　北中城村","安谷屋","OKINAWA KEN","NAKAGAMI GUN KITANAKAGUSUKU SON","ADANIYA"
"9012313","沖縄県","中頭郡　北中城村","熱田","OKINAWA KEN","NAKAGAMI GUN KITANAKAGUSUKU SON","ATTA"
"9012314","沖縄県","中頭郡　北中城村","大城","OKINAWA KEN","NAKAGAMI GUN KITANAKAGUSUKU SON","OGUSUKU"
"9012315","沖縄県","中頭郡　北中城村","荻道","OKINAWA KEN","NAKAGAMI GUN KITANAKAGUSUKU SON","OGIDO"
"9012311","沖縄県","中頭郡　北中城村","喜舎場","OKINAWA KEN","NAKAGAMI GUN KITANAKAGUSUKU SON","KISHABA"
"9012301","沖縄県","中頭郡　北中城村","島袋","OKINAWA KEN","NAKAGAMI GUN KITANAKAGUSUKU SON","SHIMABUKU"
"9012317","沖縄県","中頭郡　北中城村","瑞慶覧","OKINAWA KEN","NAKAGAMI GUN KITANAKAGUSUKU SON","ZUKERAN"
"9012303","沖縄県","中頭郡　北中城村","仲順","OKINAWA KEN","NAKAGAMI GUN KITANAKAGUSUKU SON","CHUNJUN"
"9012302","沖縄県","中頭郡　北中城村","渡口","OKINAWA KEN","NAKAGAMI GUN KITANAKAGUSUKU SON","TOGUCHI"
"9012305","沖縄県","中頭郡　北中城村","比嘉","OKINAWA KEN","NAKAGAMI GUN KITANAKAGUSUKU SON","HIGA"
"9012321","沖縄県","中頭郡　北中城村","美崎","OKINAWA KEN","NAKAGAMI GUN KITANAKAGUSUKU SON","MISAKI"
"9012304","沖縄県","中頭郡　北中城村","屋宜原","OKINAWA KEN","NAKAGAMI GUN KITANAKAGUSUKU SON","YAGIBARU"
"9012306","沖縄県","中頭郡　北中城村","ライカム","OKINAWA KEN","NAKAGAMI GUN KITANAKAGUSUKU SON","RAIKAMU"
"9012312","沖縄県","中頭郡　北中城村","和仁屋","OKINAWA KEN","NAKAGAMI GUN KITANAKAGUSUKU SON","WANIYA"
"9012400","沖縄県","中頭郡　中城村","以下に掲載がない場合","OKINAWA KEN","NAKAGAMI GUN NAKAGUSUKU SON","IKANIKEISAIGANAIBAAI"
"9012407","沖縄県","中頭郡　中城村","安里","OKINAWA KEN","NAKAGAMI GUN NAKAGUSUKU SON","ASATO"
"9012422","沖縄県","中頭郡　中城村","新垣","OKINAWA KEN","NAKAGAMI GUN NAKAGUSUKU SON","ARAKAKI"
"9012403","沖縄県","中頭郡　中城村","伊舎堂","OKINAWA KEN","NAKAGAMI GUN NAKAGUSUKU SON","ISHADO"
"9012417","沖縄県","中頭郡　中城村","伊集","OKINAWA KEN","NAKAGAMI GUN NAKAGUSUKU SON","IJU"
"9012412","沖縄県","中頭郡　中城村","奥間","OKINAWA KEN","NAKAGAMI GUN NAKAGUSUKU SON","OKUMA"
"9012423","沖縄県","中頭郡　中城村","北上原","OKINAWA KEN","NAKAGAMI GUN NAKAGUSUKU SON","KITAUEBARU"
"9012414","沖縄県","中頭郡　中城村","北浜","OKINAWA KEN","NAKAGAMI GUN NAKAGUSUKU SON","KITAHAMA"
"9012401","沖縄県","中頭郡　中城村","久場","OKINAWA KEN","NAKAGAMI GUN NAKAGUSUKU SON","KUBA"
"9012404","沖縄県","中頭郡　中城村","添石","OKINAWA KEN","NAKAGAMI GUN NAKAGUSUKU SON","SOESHI"
"9012413","沖縄県","中頭郡　中城村","津覇","OKINAWA KEN","NAKAGAMI GUN NAKAGUSUKU SON","TSUHA"
"9012406","沖縄県","中頭郡　中城村","当間","OKINAWA KEN","NAKAGAMI GUN NAKAGUSUKU SON","TOMA"
"9012402","沖縄県","中頭郡　中城村","泊","OKINAWA KEN","NAKAGAMI GUN NAKAGUSUKU SON","TOMARI"
"9012421","沖縄県","中頭郡　中城村","登又","OKINAWA KEN","NAKAGAMI GUN NAKAGUSUKU SON","NOBORIMATA"
"9012411","沖縄県","中頭郡　中城村","浜","OKINAWA KEN","NAKAGAMI GUN NAKAGUSUKU SON","HAMA"
"9012424","沖縄県","中頭郡　中城村","南上原","OKINAWA KEN","NAKAGAMI GUN NAKAGUSUKU SON","MINAMIUEBARU"
"9012415","沖縄県","中頭郡　中城村","南浜","OKINAWA KEN","NAKAGAMI GUN NAKAGUSUKU SON","MINAMIHAMA"
"9012405","沖縄県","中頭郡　中城村","屋宜","OKINAWA KEN","NAKAGAMI GUN NAKAGUSUKU SON","YAGI"
"9012416","沖縄県","中頭郡　中城村","和宇慶","OKINAWA KEN","NAKAGAMI GUN NAKAGUSUKU SON","WAUKE"
"9030100","沖縄県","中頭郡　西原町","以下に掲載がない場合","OKINAWA KEN","NAKAGAMI GUN NISHIHARA CHO","IKANIKEISAIGANAIBAAI"
"9030105","沖縄県","中頭郡　西原町","東崎","OKINAWA KEN","NAKAGAMI GUN NISHIHARA CHO","AGARIZAKI"
"9030113","沖縄県","中頭郡　西原町","安室","OKINAWA KEN","NAKAGAMI GUN NISHIHARA CHO","AMURO"
"9030115","沖縄県","中頭郡　西原町","池田","OKINAWA KEN","NAKAGAMI GUN NISHIHARA CHO","IKEDA"
"9030125","沖縄県","中頭郡　西原町","上原","OKINAWA KEN","NAKAGAMI GUN NISHIHARA CHO","UEHARA"
"9030121","沖縄県","中頭郡　西原町","内間","OKINAWA KEN","NAKAGAMI GUN NISHIHARA CHO","UCHIMA"
"9030117","沖縄県","中頭郡　西原町","翁長","OKINAWA KEN","NAKAGAMI GUN NISHIHARA CHO","ONAGA"
"9030103","沖縄県","中頭郡　西原町","小那覇","OKINAWA KEN","NAKAGAMI GUN NISHIHARA CHO","ONAHA"
"9030101","沖縄県","中頭郡　西原町","掛保久","OKINAWA KEN","NAKAGAMI GUN NISHIHARA CHO","KAKEBOKU"
"9030112","沖縄県","中頭郡　西原町","我謝","OKINAWA KEN","NAKAGAMI GUN NISHIHARA CHO","GAJA"
"9030102","沖縄県","中頭郡　西原町","嘉手苅","OKINAWA KEN","NAKAGAMI GUN NISHIHARA CHO","KADEKARU"
"9030104","沖縄県","中頭郡　西原町","兼久","OKINAWA KEN","NAKAGAMI GUN NISHIHARA CHO","KANEKU"
"9030116","沖縄県","中頭郡　西原町","幸地","OKINAWA KEN","NAKAGAMI GUN NISHIHARA CHO","KOCHI"
"9030122","沖縄県","中頭郡　西原町","小橋川","OKINAWA KEN","NAKAGAMI GUN NISHIHARA CHO","KOBASHIGAWA"
"9030118","沖縄県","中頭郡　西原町","小波津","OKINAWA KEN","NAKAGAMI GUN NISHIHARA CHO","KOHATSU"
"9030124","沖縄県","中頭郡　西原町","呉屋","OKINAWA KEN","NAKAGAMI GUN NISHIHARA CHO","GOYA"
"9030129","沖縄県","中頭郡　西原町","千原","OKINAWA KEN","NAKAGAMI GUN NISHIHARA CHO","SEMBARU"
"9030126","沖縄県","中頭郡　西原町","棚原","OKINAWA KEN","NAKAGAMI GUN NISHIHARA CHO","TANABARU"
"9030123","沖縄県","中頭郡　西原町","津花波","OKINAWA KEN","NAKAGAMI GUN NISHIHARA CHO","TSUHANAHA"
"9030114","沖縄県","中頭郡　西原町","桃原","OKINAWA KEN","NAKAGAMI GUN NISHIHARA CHO","TOBARU"
"9030127","沖縄県","中頭郡　西原町","徳佐田","OKINAWA KEN","NAKAGAMI GUN NISHIHARA CHO","TOKUSADA"
"9030128","沖縄県","中頭郡　西原町","森川","OKINAWA KEN","NAKAGAMI GUN NISHIHARA CHO","MORIKAWA"
"9030111","沖縄県","中頭郡　西原町","与那城","OKINAWA KEN","NAKAGAMI GUN NISHIHARA CHO","YONAGUSUKU"
"9011300","沖縄県","島尻郡　与那原町","以下に掲載がない場合","OKINAWA KEN","SHIMAJIRI GUN YONABARU CHO","IKANIKEISAIGANAIBAAI"
"9011304","沖縄県","島尻郡　与那原町","東浜","OKINAWA KEN","SHIMAJIRI GUN YONABARU CHO","AGARIHAMA"
"9011301","沖縄県","島尻郡　与那原町","板良敷","OKINAWA KEN","SHIMAJIRI GUN YONABARU CHO","ITARASHIKI"
"9011302","沖縄県","島尻郡　与那原町","上与那原","OKINAWA KEN","SHIMAJIRI GUN YONABARU CHO","UEYONABARU"
"9011303","沖縄県","島尻郡　与那原町","与那原","OKINAWA KEN","SHIMAJIRI GUN YONABARU CHO","YONABARU"
"9011100","沖縄県","島尻郡　南風原町","以下に掲載がない場合","OKINAWA KEN","SHIMAJIRI GUN HAEBARU CHO","IKANIKEISAIGANAIBAAI"
"9011105","沖縄県","島尻郡　南風原町","新川","OKINAWA KEN","SHIMAJIRI GUN HAEBARU CHO","ARAKAWA"
"9011101","沖縄県","島尻郡　南風原町","大名","OKINAWA KEN","SHIMAJIRI GUN HAEBARU CHO","ONA"
"9011111","沖縄県","島尻郡　南風原町","兼城","OKINAWA KEN","SHIMAJIRI GUN HAEBARU CHO","KANEGUSUKU"
"9011114","沖縄県","島尻郡　南風原町","神里","OKINAWA KEN","SHIMAJIRI GUN HAEBARU CHO","KAMIZATO"
"9011113","沖縄県","島尻郡　南風原町","喜屋武","OKINAWA KEN","SHIMAJIRI GUN HAEBARU CHO","KYAN"
"9011117","沖縄県","島尻郡　南風原町","津嘉山","OKINAWA KEN","SHIMAJIRI GUN HAEBARU CHO","TSUKAZAN"
"9011116","沖縄県","島尻郡　南風原町","照屋","OKINAWA KEN","SHIMAJIRI GUN HAEBARU CHO","TERUYA"
"9011102","沖縄県","島尻郡　南風原町","宮城","OKINAWA KEN","SHIMAJIRI GUN HAEBARU CHO","MIYAGUSUKU"
"9011104","沖縄県","島尻郡　南風原町","宮平","OKINAWA KEN","SHIMAJIRI GUN HAEBARU CHO","MIYAHIRA"
"9011112","沖縄県","島尻郡　南風原町","本部","OKINAWA KEN","SHIMAJIRI GUN HAEBARU CHO","MOTOBU"
"9011115","沖縄県","島尻郡　南風原町","山川","OKINAWA KEN","SHIMAJIRI GUN HAEBARU CHO","YAMAKAWA"
"9011103","沖縄県","島尻郡　南風原町","与那覇","OKINAWA KEN","SHIMAJIRI GUN HAEBARU CHO","YONAHA"
"9013500","沖縄県","島尻郡　渡嘉敷村","以下に掲載がない場合","OKINAWA KEN","SHIMAJIRI GUN TOKASHIKI SON","IKANIKEISAIGANAIBAAI"
"9013502","沖縄県","島尻郡　渡嘉敷村","阿波連","OKINAWA KEN","SHIMAJIRI GUN TOKASHIKI SON","AHAREN"
"9013501","沖縄県","島尻郡　渡嘉敷村","渡嘉敷","OKINAWA KEN","SHIMAJIRI GUN TOKASHIKI SON","TOKASHIKI"
"9013400","沖縄県","島尻郡　座間味村","以下に掲載がない場合","OKINAWA KEN","SHIMAJIRI GUN ZAMAMI SON","IKANIKEISAIGANAIBAAI"
"9013311","沖縄県","島尻郡　座間味村","阿嘉","OKINAWA KEN","SHIMAJIRI GUN ZAMAMI SON","AKA"
"9013401","沖縄県","島尻郡　座間味村","阿佐","OKINAWA KEN","SHIMAJIRI GUN ZAMAMI SON","ASA"
"9013403","沖縄県","島尻郡　座間味村","阿真","OKINAWA KEN","SHIMAJIRI GUN ZAMAMI SON","AMA"
"9013312","沖縄県","島尻郡　座間味村","慶留間","OKINAWA KEN","SHIMAJIRI GUN ZAMAMI SON","GERUMA"
"9013402","沖縄県","島尻郡　座間味村","座間味","OKINAWA KEN","SHIMAJIRI GUN ZAMAMI SON","ZAMAMI"
"9013700","沖縄県","島尻郡　粟国村","以下に掲載がない場合","OKINAWA KEN","SHIMAJIRI GUN AGUNI SON","IKANIKEISAIGANAIBAAI"
"9013703","沖縄県","島尻郡　粟国村","西","OKINAWA KEN","SHIMAJIRI GUN AGUNI SON","NISHI"
"9013701","沖縄県","島尻郡　粟国村","浜","OKINAWA KEN","SHIMAJIRI GUN AGUNI SON","HAMA"
"9013702","沖縄県","島尻郡　粟国村","東","OKINAWA KEN","SHIMAJIRI GUN AGUNI SON","HIGASHI"
"9013601","沖縄県","島尻郡　渡名喜村","渡名喜村一円","OKINAWA KEN","SHIMAJIRI GUN TONAKI SON","TONAKISONICHIEN"
"9013800","沖縄県","島尻郡　南大東村","以下に掲載がない場合","OKINAWA KEN","SHIMAJIRI GUN MINAMIDAITO SON","IKANIKEISAIGANAIBAAI"
"9013806","沖縄県","島尻郡　南大東村","池之沢","OKINAWA KEN","SHIMAJIRI GUN MINAMIDAITO SON","IKENOSAWA"
"9013801","沖縄県","島尻郡　南大東村","北","OKINAWA KEN","SHIMAJIRI GUN MINAMIDAITO SON","KITA"
"9013803","沖縄県","島尻郡　南大東村","旧東","OKINAWA KEN","SHIMAJIRI GUN MINAMIDAITO SON","KYUTO"
"9013805","沖縄県","島尻郡　南大東村","在所","OKINAWA KEN","SHIMAJIRI GUN MINAMIDAITO SON","ZAISHO"
"9013802","沖縄県","島尻郡　南大東村","新東","OKINAWA KEN","SHIMAJIRI GUN MINAMIDAITO SON","SHINTO"
"9013804","沖縄県","島尻郡　南大東村","南","OKINAWA KEN","SHIMAJIRI GUN MINAMIDAITO SON","MINAMI"
"9013900","沖縄県","島尻郡　北大東村","以下に掲載がない場合","OKINAWA KEN","SHIMAJIRI GUN KITADAITO SON","IKANIKEISAIGANAIBAAI"
"9013902","沖縄県","島尻郡　北大東村","中野","OKINAWA KEN","SHIMAJIRI GUN KITADAITO SON","NAKANO"
"9013903","沖縄県","島尻郡　北大東村","港","OKINAWA KEN","SHIMAJIRI GUN KITADAITO SON","MINATO"
"9013901","沖縄県","島尻郡　北大東村","南","OKINAWA KEN","SHIMAJIRI GUN KITADAITO SON","MINAMI"
"9050700","沖縄県","島尻郡　伊平屋村","以下に掲載がない場合","OKINAWA KEN","SHIMAJIRI GUN IHEYA SON","IKANIKEISAIGANAIBAAI"
"9050703","沖縄県","島尻郡　伊平屋村","我喜屋","OKINAWA KEN","SHIMAJIRI GUN IHEYA SON","GAKIYA"
"9050704","沖縄県","島尻郡　伊平屋村","島尻","OKINAWA KEN","SHIMAJIRI GUN IHEYA SON","SHIMAJIRI"
"9050701","沖縄県","島尻郡　伊平屋村","田名","OKINAWA KEN","SHIMAJIRI GUN IHEYA SON","DANA"
"9050705","沖縄県","島尻郡　伊平屋村","野甫","OKINAWA KEN","SHIMAJIRI GUN IHEYA SON","NOHO"
"9050702","沖縄県","島尻郡　伊平屋村","前泊","OKINAWA KEN","SHIMAJIRI GUN IHEYA SON","MAEDOMARI"
"9050600","沖縄県","島尻郡　伊是名村","以下に掲載がない場合","OKINAWA KEN","SHIMAJIRI GUN IZENA SON","IKANIKEISAIGANAIBAAI"
"9050604","沖縄県","島尻郡　伊是名村","伊是名","OKINAWA KEN","SHIMAJIRI GUN IZENA SON","IZENA"
"9050601","沖縄県","島尻郡　伊是名村","内花","OKINAWA KEN","SHIMAJIRI GUN IZENA SON","UCHIHANA"
"9050602","沖縄県","島尻郡　伊是名村","諸見","OKINAWA KEN","SHIMAJIRI GUN IZENA SON","SHOMI"
"9050605","沖縄県","島尻郡　伊是名村","勢理客","OKINAWA KEN","SHIMAJIRI GUN IZENA SON","SERIKYAKU"
"9050603","沖縄県","島尻郡　伊是名村","仲田","OKINAWA KEN","SHIMAJIRI GUN IZENA SON","NAKADA"
"9013100","沖縄県","島尻郡　久米島町","以下に掲載がない場合","OKINAWA KEN","SHIMAJIRI GUN KUMEJIMA CHO","IKANIKEISAIGANAIBAAI"
"9013103","沖縄県","島尻郡　久米島町","阿嘉","OKINAWA KEN","SHIMAJIRI GUN KUMEJIMA CHO","AKA"
"9013101","沖縄県","島尻郡　久米島町","宇江城","OKINAWA KEN","SHIMAJIRI GUN KUMEJIMA CHO","UEGUSUKU"
"9013138","沖縄県","島尻郡　久米島町","上江洲","OKINAWA KEN","SHIMAJIRI GUN KUMEJIMA CHO","UEZU"
"9013105","沖縄県","島尻郡　久米島町","宇根","OKINAWA KEN","SHIMAJIRI GUN KUMEJIMA CHO","UNE"
"9013106","沖縄県","島尻郡　久米島町","奥武","OKINAWA KEN","SHIMAJIRI GUN KUMEJIMA CHO","O"
"9013123","沖縄県","島尻郡　久米島町","大田","OKINAWA KEN","SHIMAJIRI GUN KUMEJIMA CHO","OTA"
"9013132","沖縄県","島尻郡　久米島町","大原","OKINAWA KEN","SHIMAJIRI GUN KUMEJIMA CHO","OHARA"
"9013121","沖縄県","島尻郡　久米島町","嘉手苅","OKINAWA KEN","SHIMAJIRI GUN KUMEJIMA CHO","KADEKARU"
"9013122","沖縄県","島尻郡　久米島町","兼城","OKINAWA KEN","SHIMAJIRI GUN KUMEJIMA CHO","KANEGUSUKU"
"9013133","沖縄県","島尻郡　久米島町","北原","OKINAWA KEN","SHIMAJIRI GUN KUMEJIMA CHO","KITAHARA"
"9013115","沖縄県","島尻郡　久米島町","儀間","OKINAWA KEN","SHIMAJIRI GUN KUMEJIMA CHO","GIMA"
"9013134","沖縄県","島尻郡　久米島町","具志川","OKINAWA KEN","SHIMAJIRI GUN KUMEJIMA CHO","GUSHIKAWA"
"9013114","沖縄県","島尻郡　久米島町","島尻","OKINAWA KEN","SHIMAJIRI GUN KUMEJIMA CHO","SHIMAJIRI"
"9013107","沖縄県","島尻郡　久米島町","謝名堂","OKINAWA KEN","SHIMAJIRI GUN KUMEJIMA CHO","JANADO"
"9013113","沖縄県","島尻郡　久米島町","銭田","OKINAWA KEN","SHIMAJIRI GUN KUMEJIMA CHO","ZENDA"
"9013125","沖縄県","島尻郡　久米島町","鳥島","OKINAWA KEN","SHIMAJIRI GUN KUMEJIMA CHO","TORISHIMA"
"9013136","沖縄県","島尻郡　久米島町","仲地","OKINAWA KEN","SHIMAJIRI GUN KUMEJIMA CHO","NAKACHI"
"9013124","沖縄県","島尻郡　久米島町","仲泊","OKINAWA KEN","SHIMAJIRI GUN KUMEJIMA CHO","NAKADOMARI"
"9013135","沖縄県","島尻郡　久米島町","仲村渠","OKINAWA KEN","SHIMAJIRI GUN KUMEJIMA CHO","NAKANDAKARI"
"9013131","沖縄県","島尻郡　久米島町","西銘","OKINAWA KEN","SHIMAJIRI GUN KUMEJIMA CHO","NISHIME"
"9013108","沖縄県","島尻郡　久米島町","比嘉","OKINAWA KEN","SHIMAJIRI GUN KUMEJIMA CHO","HIGA"
"9013102","沖縄県","島尻郡　久米島町","比屋定","OKINAWA KEN","SHIMAJIRI GUN KUMEJIMA CHO","HIYAJO"
"9013112","沖縄県","島尻郡　久米島町","真我里","OKINAWA KEN","SHIMAJIRI GUN KUMEJIMA CHO","MAGARI"
"9013104","沖縄県","島尻郡　久米島町","真謝","OKINAWA KEN","SHIMAJIRI GUN KUMEJIMA CHO","MAJA"
"9013111","沖縄県","島尻郡　久米島町","山城","OKINAWA KEN","SHIMAJIRI GUN KUMEJIMA CHO","YAMAGUSUKU"
"9013137","沖縄県","島尻郡　久米島町","山里","OKINAWA KEN","SHIMAJIRI GUN KUMEJIMA CHO","YAMAZATO"
"9010400","沖縄県","島尻郡　八重瀬町","以下に掲載がない場合","OKINAWA KEN","SHIMAJIRI GUN YAESE CHO","IKANIKEISAIGANAIBAAI"
"9010514","沖縄県","島尻郡　八重瀬町","安里","OKINAWA KEN","SHIMAJIRI GUN YAESE CHO","ASATO"
"9010503","沖縄県","島尻郡　八重瀬町","新城","OKINAWA KEN","SHIMAJIRI GUN YAESE CHO","ARAGUSUKU"
"9010405","沖縄県","島尻郡　八重瀬町","伊覇","OKINAWA KEN","SHIMAJIRI GUN YAESE CHO","IHA"
"9010412","沖縄県","島尻郡　八重瀬町","上田原","OKINAWA KEN","SHIMAJIRI GUN YAESE CHO","UETABARU"
"9010502","沖縄県","島尻郡　八重瀬町","大頓","OKINAWA KEN","SHIMAJIRI GUN YAESE CHO","OTON"
"9010416","沖縄県","島尻郡　八重瀬町","宜次","OKINAWA KEN","SHIMAJIRI GUN YAESE CHO","GISHI"
"9010512","沖縄県","島尻郡　八重瀬町","具志頭","OKINAWA KEN","SHIMAJIRI GUN YAESE CHO","GUSHICHAN"
"9010415","沖縄県","島尻郡　八重瀬町","小城","OKINAWA KEN","SHIMAJIRI GUN YAESE CHO","KOGUSUKU"
"9010504","沖縄県","島尻郡　八重瀬町","後原","OKINAWA KEN","SHIMAJIRI GUN YAESE CHO","KOSHIHARA"
"9010401","沖縄県","島尻郡　八重瀬町","東風平","OKINAWA KEN","SHIMAJIRI GUN YAESE CHO","KOCHINDA"
"9010413","沖縄県","島尻郡　八重瀬町","志多伯","OKINAWA KEN","SHIMAJIRI GUN YAESE CHO","SHITAHAKU"
"9010404","沖縄県","島尻郡　八重瀬町","高良","OKINAWA KEN","SHIMAJIRI GUN YAESE CHO","TAKARA"
"9010414","沖縄県","島尻郡　八重瀬町","当銘","OKINAWA KEN","SHIMAJIRI GUN YAESE CHO","TOME"
"9010411","沖縄県","島尻郡　八重瀬町","友寄","OKINAWA KEN","SHIMAJIRI GUN YAESE CHO","TOMOYOSE"
"9010402","沖縄県","島尻郡　八重瀬町","富盛","OKINAWA KEN","SHIMAJIRI GUN YAESE CHO","TOMORI"
"9010516","沖縄県","島尻郡　八重瀬町","仲座","OKINAWA KEN","SHIMAJIRI GUN YAESE CHO","NAKAZA"
"9010501","沖縄県","島尻郡　八重瀬町","長毛","OKINAWA KEN","SHIMAJIRI GUN YAESE CHO","NAGAMO"
"9010513","沖縄県","島尻郡　八重瀬町","玻名城","OKINAWA KEN","SHIMAJIRI GUN YAESE CHO","HANASHIRO"
"9010417","沖縄県","島尻郡　八重瀬町","外間","OKINAWA KEN","SHIMAJIRI GUN YAESE CHO","HOKAMA"
"9010511","沖縄県","島尻郡　八重瀬町","港川","OKINAWA KEN","SHIMAJIRI GUN YAESE CHO","MINATOGAWA"
"9010406","沖縄県","島尻郡　八重瀬町","屋宜原","OKINAWA KEN","SHIMAJIRI GUN YAESE CHO","YAGIBARU"
"9010515","沖縄県","島尻郡　八重瀬町","与座","OKINAWA KEN","SHIMAJIRI GUN YAESE CHO","YOZA"
"9010403","沖縄県","島尻郡　八重瀬町","世名城","OKINAWA KEN","SHIMAJIRI GUN YAESE CHO","YONAGUSUKU"
"9060600","沖縄県","宮古郡　多良間村","以下に掲載がない場合","OKINAWA KEN","MIYAKO GUN TARAMA SON","IKANIKEISAIGANAIBAAI"
"9060601","沖縄県","宮古郡　多良間村","塩川","OKINAWA KEN","MIYAKO GUN TARAMA SON","SHIOKAWA"
"9060602","沖縄県","宮古郡　多良間村","仲筋","OKINAWA KEN","MIYAKO GUN TARAMA SON","NAKASUJI"
"9060603","沖縄県","宮古郡　多良間村","水納","OKINAWA KEN","MIYAKO GUN TARAMA SON","MINNA"
"9070000","沖縄県","八重山郡　竹富町","以下に掲載がない場合","OKINAWA KEN","YAEYAMA GUN TAKETOMI CHO","IKANIKEISAIGANAIBAAI"
"9071435","沖縄県","八重山郡　竹富町","新城","OKINAWA KEN","YAEYAMA GUN TAKETOMI CHO","ARAGUSUKU"
"9071542","沖縄県","八重山郡　竹富町","西表","OKINAWA KEN","YAEYAMA GUN TAKETOMI CHO","IRIOMOTE"
"9071541","沖縄県","八重山郡　竹富町","上原","OKINAWA KEN","YAEYAMA GUN TAKETOMI CHO","UEHARA"
"9071311","沖縄県","八重山郡　竹富町","黒島","OKINAWA KEN","YAEYAMA GUN TAKETOMI CHO","KUROSHIMA"
"9071221","沖縄県","八重山郡　竹富町","小浜","OKINAWA KEN","YAEYAMA GUN TAKETOMI CHO","KOHAMA"
"9071432","沖縄県","八重山郡　竹富町","古見","OKINAWA KEN","YAEYAMA GUN TAKETOMI CHO","KOMI"
"9071543","沖縄県","八重山郡　竹富町","崎山","OKINAWA KEN","YAEYAMA GUN TAKETOMI CHO","SAKIYAMA"
"9071431","沖縄県","八重山郡　竹富町","高那","OKINAWA KEN","YAEYAMA GUN TAKETOMI CHO","TAKANA"
"9071101","沖縄県","八重山郡　竹富町","竹富","OKINAWA KEN","YAEYAMA GUN TAKETOMI CHO","TAKETOMI"
"9071434","沖縄県","八重山郡　竹富町","南風見","OKINAWA KEN","YAEYAMA GUN TAKETOMI CHO","HAIMI"
"9071433","沖縄県","八重山郡　竹富町","南風見仲","OKINAWA KEN","YAEYAMA GUN TAKETOMI CHO","HAIMINAKA"
"9071751","沖縄県","八重山郡　竹富町","波照間","OKINAWA KEN","YAEYAMA GUN TAKETOMI CHO","HATERUMA"
"9071544","沖縄県","八重山郡　竹富町","鳩間","OKINAWA KEN","YAEYAMA GUN TAKETOMI CHO","HATOMA"
"9071800","沖縄県","八重山郡　与那国町","以下に掲載がない場合","OKINAWA KEN","YAEYAMA GUN YONAGUNI CHO","IKANIKEISAIGANAIBAAI"
"9071801","沖縄県","八重山郡　与那国町","与那国","OKINAWA KEN","YAEYAMA GUN YONAGUNI CHO","YONAGUNI"
